"","sird","siid","mard","mord","class","metsir","metsvf"
"1",0.064,0,0.936,0,"mard",41.99,6.85
"2",0,0.709,0.291,0,"siid",35.71,6.22
"3",NA,NA,NA,NA,"sird",NA,NA
"4",0.002,0,0.017,0.981,"mord",37.159,6.095
"5",NA,NA,NA,NA,"sird",NA,NA
"6",0.001,0,0,0.999,"mord",50.034,6.829
"7",0.135,0,0,0.865,"mord",53.385,7.373
"8",0.002,0,0,0.998,"mord",62.065,6.832
"9",0,0,0,1,"mord",35.418,5.202
"10",NA,NA,NA,NA,"sird",NA,NA
"11",NA,NA,NA,NA,"sird",NA,NA
"12",NA,NA,NA,NA,"sird",NA,NA
"13",0.002,0,0.998,0,"mard",34.185,6.324
"14",0.005,0,0,0.995,"mord",40.89,7.119
"15",NA,NA,NA,NA,"sird",NA,NA
"16",0.744,0,0.001,0.255,"sird",57.283,7.531
"17",NA,NA,NA,NA,"sird",NA,NA
"18",NA,NA,NA,NA,"sird",NA,NA
"19",0,1,0,0,"siid",44.202,7.07
"20",NA,NA,NA,NA,"sird",NA,NA
"21",NA,NA,NA,NA,"sird",NA,NA
"22",0,0,0.009,0.991,"mord",36.411,5.877
"23",0.059,0,0.941,0,"mard",44.954,6.374
"24",NA,NA,NA,NA,"sird",NA,NA
"25",NA,NA,NA,NA,"sird",NA,NA
"26",NA,NA,NA,NA,"sird",NA,NA
"27",NA,NA,NA,NA,"sird",NA,NA
"28",NA,NA,NA,NA,"sird",NA,NA
"29",0,0,0,1,"mord",38.093,6.055
"30",NA,NA,NA,NA,"sird",NA,NA
"31",0.063,0,0.925,0.012,"mard",41.964,6.589
"32",NA,NA,NA,NA,"sird",NA,NA
"33",NA,NA,NA,NA,"sird",NA,NA
"34",0,1,0,0,"siid",41.157,6.11
"35",NA,NA,NA,NA,"sird",NA,NA
"36",NA,NA,NA,NA,"sird",NA,NA
"37",NA,NA,NA,NA,"sird",NA,NA
"38",0.121,0,0.006,0.873,"mord",44.92,6.989
"39",NA,NA,NA,NA,"sird",NA,NA
"40",NA,NA,NA,NA,"sird",NA,NA
"41",NA,NA,NA,NA,"sird",NA,NA
"42",NA,NA,NA,NA,"sird",NA,NA
"43",NA,NA,NA,NA,"sird",NA,NA
"44",NA,NA,NA,NA,"sird",NA,NA
"45",NA,NA,NA,NA,"sird",NA,NA
"46",0.26,0,0.74,0,"mard",42.224,7.384
"47",NA,NA,NA,NA,"sird",NA,NA
"48",NA,NA,NA,NA,"sird",NA,NA
"49",0.602,0,0.382,0.016,"sird",41.984,7.254
"50",0.048,0,0.927,0.025,"mard",39.574,6.932
"51",NA,NA,NA,NA,"sird",NA,NA
"52",NA,NA,NA,NA,"sird",NA,NA
"53",NA,NA,NA,NA,"sird",NA,NA
"54",NA,NA,NA,NA,"sird",NA,NA
"55",0.247,0,0.753,0.001,"mard",48.515,6.681
"56",0.003,0,0.028,0.97,"mord",41.07,6.131
"57",0.382,0,0.001,0.618,"mord",52.676,7.263
"58",NA,NA,NA,NA,"sird",NA,NA
"59",0.426,0,0.574,0.001,"mard",53.362,6.878
"60",0,1,0,0,"siid",42.065,6.847
"61",0,1,0,0,"siid",36.616,5.675
"62",NA,NA,NA,NA,"sird",NA,NA
"63",0.001,0,0.999,0,"mard",34.977,6.045
"64",0.053,0,0.947,0,"mard",45.552,6.473
"65",NA,NA,NA,NA,"sird",NA,NA
"66",NA,NA,NA,NA,"sird",NA,NA
"67",NA,NA,NA,NA,"sird",NA,NA
"68",NA,NA,NA,NA,"sird",NA,NA
"69",NA,NA,NA,NA,"sird",NA,NA
"70",NA,NA,NA,NA,"sird",NA,NA
"71",NA,NA,NA,NA,"sird",NA,NA
"72",0.008,0,0.992,0,"mard",44.884,6.397
"73",0,0,0,1,"mord",33.026,5.45
"74",NA,NA,NA,NA,"sird",NA,NA
"75",NA,NA,NA,NA,"sird",NA,NA
"76",0,1,0,0,"siid",46.143,6.903
"77",NA,NA,NA,NA,"sird",NA,NA
"78",0.001,0,0.999,0,"mard",37.129,6.278
"79",NA,NA,NA,NA,"sird",NA,NA
"80",0,1,0,0,"siid",68.774,7.279
"81",NA,NA,NA,NA,"sird",NA,NA
"82",NA,NA,NA,NA,"sird",NA,NA
"83",NA,NA,NA,NA,"sird",NA,NA
"84",NA,NA,NA,NA,"sird",NA,NA
"85",0.725,0,0.264,0.011,"sird",46.493,7.135
"86",0.009,0,0,0.991,"mord",44.009,6.781
"87",NA,NA,NA,NA,"sird",NA,NA
"88",NA,NA,NA,NA,"sird",NA,NA
"89",0,0,0,1,"mord",41.346,6.142
"90",0.897,0,0.062,0.041,"sird",56.332,7.155
"91",NA,NA,NA,NA,"sird",NA,NA
"92",0,1,0,0,"siid",52.674,7.026
"93",0,1,0,0,"siid",45.604,7.06
"94",NA,NA,NA,NA,"sird",NA,NA
"95",NA,NA,NA,NA,"sird",NA,NA
"96",NA,NA,NA,NA,"sird",NA,NA
"97",NA,NA,NA,NA,"sird",NA,NA
"98",NA,NA,NA,NA,"sird",NA,NA
"99",NA,NA,NA,NA,"sird",NA,NA
"100",0.721,0,0.245,0.033,"sird",49.426,7.356
"101",NA,NA,NA,NA,"sird",NA,NA
"102",0,0,1,0,"mard",33.177,6.12
"103",NA,NA,NA,NA,"sird",NA,NA
"104",0,1,0,0,"siid",44.503,7.083
"105",0,0.991,0,0.009,"siid",37.006,6.705
"106",NA,NA,NA,NA,"sird",NA,NA
"107",NA,NA,NA,NA,"sird",NA,NA
"108",NA,NA,NA,NA,"sird",NA,NA
"109",NA,NA,NA,NA,"sird",NA,NA
"110",NA,NA,NA,NA,"sird",NA,NA
"111",NA,NA,NA,NA,"sird",NA,NA
"112",0.045,0,0.955,0,"mard",38.42,7.002
"113",0,1,0,0,"siid",34.237,6.403
"114",NA,NA,NA,NA,"sird",NA,NA
"115",0,0.504,0,0.496,"siid",52.033,7.071
"116",0.01,0.003,0.088,0.899,"mord",34.886,6.889
"117",NA,NA,NA,NA,"sird",NA,NA
"118",0.062,0,0,0.938,"mord",59.466,7.426
"119",0.004,0,0,0.996,"mord",40.821,7.166
"120",NA,NA,NA,NA,"sird",NA,NA
"121",NA,NA,NA,NA,"sird",NA,NA
"122",0,1,0,0,"siid",59.526,6.979
"123",NA,NA,NA,NA,"sird",NA,NA
"124",0.599,0,0.395,0.006,"sird",44.429,7.187
"125",0.731,0,0.255,0.014,"sird",47.864,7.275
"126",0.049,0,0.123,0.828,"mord",40.493,6.537
"127",NA,NA,NA,NA,"sird",NA,NA
"128",NA,NA,NA,NA,"sird",NA,NA
"129",NA,NA,NA,NA,"sird",NA,NA
"130",0,0,0,1,"mord",50.651,6.815
"131",0,0.073,0,0.927,"mord",46.927,6.487
"132",NA,NA,NA,NA,"sird",NA,NA
"133",0,1,0,0,"siid",76.502,7.262
"134",NA,NA,NA,NA,"sird",NA,NA
"135",NA,NA,NA,NA,"sird",NA,NA
"136",NA,NA,NA,NA,"sird",NA,NA
"137",NA,NA,NA,NA,"sird",NA,NA
"138",NA,NA,NA,NA,"sird",NA,NA
"139",NA,NA,NA,NA,"sird",NA,NA
"140",0.039,0,0.043,0.918,"mord",43.482,6.548
"141",NA,NA,NA,NA,"sird",NA,NA
"142",0,1,0,0,"siid",31.335,6.587
"143",NA,NA,NA,NA,"sird",NA,NA
"144",0.014,0,0.986,0,"mard",35.113,6.761
"145",0.306,0,0.007,0.688,"mord",46.002,7.21
"146",NA,NA,NA,NA,"sird",NA,NA
"147",NA,NA,NA,NA,"sird",NA,NA
"148",0.254,0,0,0.746,"mord",67.4,7.638
"149",0.015,0.848,0.124,0.013,"siid",50.552,7.138
"150",0,0.864,0,0.136,"siid",50.643,7.251
"151",0,0.001,0,0.999,"mord",51.384,6.59
"152",NA,NA,NA,NA,"sird",NA,NA
"153",NA,NA,NA,NA,"sird",NA,NA
"154",NA,NA,NA,NA,"sird",NA,NA
"155",NA,NA,NA,NA,"sird",NA,NA
"156",NA,NA,NA,NA,"sird",NA,NA
"157",0.002,0,0,0.998,"mord",53.312,7.041
"158",0,0,1,0,"mard",28.044,6.132
"159",0,0.998,0,0.002,"siid",65.271,7.588
"160",0.13,0,0.002,0.868,"mord",48.868,6.659
"161",NA,NA,NA,NA,"sird",NA,NA
"162",0.016,0.001,0.984,0,"mard",46.789,6.793
"163",NA,NA,NA,NA,"sird",NA,NA
"164",NA,NA,NA,NA,"sird",NA,NA
"165",NA,NA,NA,NA,"sird",NA,NA
"166",NA,NA,NA,NA,"sird",NA,NA
"167",NA,NA,NA,NA,"sird",NA,NA
"168",NA,NA,NA,NA,"sird",NA,NA
"169",NA,NA,NA,NA,"sird",NA,NA
"170",0.647,0,0.06,0.292,"sird",49.467,6.885
"171",0,0.001,0,0.999,"mord",38.841,6.918
"172",NA,NA,NA,NA,"sird",NA,NA
"173",0.001,0,0.999,0,"mard",32.056,6.065
"174",0.035,0,0.965,0,"mard",43.908,6.796
"175",0,0.055,0,0.945,"mord",48.06,6.974
"176",NA,NA,NA,NA,"sird",NA,NA
"177",NA,NA,NA,NA,"sird",NA,NA
"178",NA,NA,NA,NA,"sird",NA,NA
"179",0,0,0,1,"mord",50.038,6.786
"180",NA,NA,NA,NA,"sird",NA,NA
"181",NA,NA,NA,NA,"sird",NA,NA
"182",0,0.719,0,0.281,"siid",41.562,6.742
"183",NA,NA,NA,NA,"sird",NA,NA
"184",NA,NA,NA,NA,"sird",NA,NA
"185",NA,NA,NA,NA,"sird",NA,NA
"186",NA,NA,NA,NA,"sird",NA,NA
"187",0.277,0,0,0.723,"mord",63.533,7.64
"188",NA,NA,NA,NA,"sird",NA,NA
"189",NA,NA,NA,NA,"sird",NA,NA
"190",0,0,0.999,0,"mard",43.083,5.95
"191",NA,NA,NA,NA,"sird",NA,NA
"192",NA,NA,NA,NA,"sird",NA,NA
"193",0.003,0.996,0,0,"siid",55.586,7.463
"194",0.008,0,0,0.992,"mord",46.711,7.065
"195",0.452,0,0.548,0,"mard",42.48,7.27
"196",NA,NA,NA,NA,"sird",NA,NA
"197",NA,NA,NA,NA,"sird",NA,NA
"198",NA,NA,NA,NA,"sird",NA,NA
"199",NA,NA,NA,NA,"sird",NA,NA
"200",0.032,0,0.968,0,"mard",38.701,7.021
"201",NA,NA,NA,NA,"sird",NA,NA
"202",NA,NA,NA,NA,"sird",NA,NA
"203",NA,NA,NA,NA,"sird",NA,NA
"204",NA,NA,NA,NA,"sird",NA,NA
"205",NA,NA,NA,NA,"sird",NA,NA
"206",NA,NA,NA,NA,"sird",NA,NA
"207",NA,NA,NA,NA,"sird",NA,NA
"208",NA,NA,NA,NA,"sird",NA,NA
"209",NA,NA,NA,NA,"sird",NA,NA
"210",NA,NA,NA,NA,"sird",NA,NA
"211",0.001,0.327,0,0.672,"mord",68.459,7.482
"212",NA,NA,NA,NA,"sird",NA,NA
"213",NA,NA,NA,NA,"sird",NA,NA
"214",NA,NA,NA,NA,"sird",NA,NA
"215",NA,NA,NA,NA,"sird",NA,NA
"216",0.473,0,0,0.527,"mord",61.662,7.548
"217",NA,NA,NA,NA,"sird",NA,NA
"218",NA,NA,NA,NA,"sird",NA,NA
"219",NA,NA,NA,NA,"sird",NA,NA
"220",NA,NA,NA,NA,"sird",NA,NA
"221",NA,NA,NA,NA,"sird",NA,NA
"222",NA,NA,NA,NA,"sird",NA,NA
"223",NA,NA,NA,NA,"sird",NA,NA
"224",0.076,0,0.924,0,"mard",42.64,6.603
"225",NA,NA,NA,NA,"sird",NA,NA
"226",0.165,0,0.001,0.834,"mord",48.851,6.824
"227",NA,NA,NA,NA,"sird",NA,NA
"228",NA,NA,NA,NA,"sird",NA,NA
"229",NA,NA,NA,NA,"sird",NA,NA
"230",0,0.925,0,0.075,"siid",50.222,7.057
"231",NA,NA,NA,NA,"sird",NA,NA
"232",0.009,0,0.991,0,"mard",35.286,6.765
"233",0.065,0,0.935,0,"mard",39.019,7.002
"234",0.207,0,0,0.793,"mord",52.961,6.988
"235",NA,NA,NA,NA,"sird",NA,NA
"236",NA,NA,NA,NA,"sird",NA,NA
"237",0.004,0,0.003,0.993,"mord",41.832,6.573
"238",0,1,0,0,"siid",56.809,6.774
"239",NA,NA,NA,NA,"sird",NA,NA
"240",0.203,0,0,0.796,"mord",48.022,7.386
"241",NA,NA,NA,NA,"sird",NA,NA
"242",0,0,0,1,"mord",40.322,5.795
"243",0.009,0,0.991,0,"mard",32.825,6.689
"244",NA,NA,NA,NA,"sird",NA,NA
"245",NA,NA,NA,NA,"sird",NA,NA
"246",0.016,0,0.984,0,"mard",42.888,6.781
"247",NA,NA,NA,NA,"sird",NA,NA
"248",0.018,0,0,0.982,"mord",51.194,6.807
"249",0,1,0,0,"siid",53.87,6.821
"250",NA,NA,NA,NA,"sird",NA,NA
"251",NA,NA,NA,NA,"sird",NA,NA
"252",NA,NA,NA,NA,"sird",NA,NA
"253",NA,NA,NA,NA,"sird",NA,NA
"254",NA,NA,NA,NA,"sird",NA,NA
"255",0.006,0,0.994,0,"mard",42.805,6.49
"256",NA,NA,NA,NA,"sird",NA,NA
"257",0.04,0,0.96,0,"mard",42.541,6.579
"258",0.023,0,0.977,0,"mard",41.689,7.117
"259",NA,NA,NA,NA,"sird",NA,NA
"260",0.001,0,0.001,0.998,"mord",41.133,6.283
"261",0.001,0,0.999,0,"mard",29.111,6.279
"262",NA,NA,NA,NA,"sird",NA,NA
"263",0.441,0,0.549,0.01,"mard",48.611,6.89
"264",NA,NA,NA,NA,"sird",NA,NA
"265",NA,NA,NA,NA,"sird",NA,NA
"266",0.001,0.327,0.671,0,"mard",39.362,6.824
"267",NA,NA,NA,NA,"sird",NA,NA
"268",0,1,0,0,"siid",39.276,6.806
"269",0.007,0,0,0.993,"mord",48.813,6.83
"270",0.033,0.002,0.158,0.807,"mord",42.47,6.632
"271",0.001,0.667,0,0.331,"siid",66.788,7.202
"272",NA,NA,NA,NA,"sird",NA,NA
"273",NA,NA,NA,NA,"sird",NA,NA
"274",NA,NA,NA,NA,"sird",NA,NA
"275",NA,NA,NA,NA,"sird",NA,NA
"276",0.123,0,0.005,0.872,"mord",52.918,7.085
"277",NA,NA,NA,NA,"sird",NA,NA
"278",0.002,0,0.998,0,"mard",30.676,6.263
"279",NA,NA,NA,NA,"sird",NA,NA
"280",0.002,0,0.998,0,"mard",32.83,6.528
"281",0.028,0,0.726,0.246,"mard",37.718,6.748
"282",0,0.996,0,0.004,"siid",51.963,6.84
"283",0.012,0,0.001,0.987,"mord",43.751,6.68
"284",NA,NA,NA,NA,"sird",NA,NA
"285",NA,NA,NA,NA,"sird",NA,NA
"286",0.333,0,0,0.666,"mord",49.115,7.349
"287",NA,NA,NA,NA,"sird",NA,NA
"288",NA,NA,NA,NA,"sird",NA,NA
"289",0.006,0.086,0.004,0.904,"mord",45.613,6.743
"290",NA,NA,NA,NA,"sird",NA,NA
"291",NA,NA,NA,NA,"sird",NA,NA
"292",NA,NA,NA,NA,"sird",NA,NA
"293",NA,NA,NA,NA,"sird",NA,NA
"294",0.054,0,0.946,0,"mard",36.895,7.186
"295",0.007,0,0.993,0,"mard",35.082,6.647
"296",NA,NA,NA,NA,"sird",NA,NA
"297",NA,NA,NA,NA,"sird",NA,NA
"298",0.168,0,0.197,0.635,"mord",47.277,6.649
"299",NA,NA,NA,NA,"sird",NA,NA
"300",0.002,0,0.001,0.996,"mord",44.878,6.351
"301",NA,NA,NA,NA,"sird",NA,NA
"302",0.232,0,0.768,0,"mard",44.981,6.937
"303",NA,NA,NA,NA,"sird",NA,NA
"304",0.145,0,0,0.855,"mord",45.711,7.275
"305",0.183,0,0.644,0.173,"mard",47.574,6.796
"306",0,0.002,0,0.998,"mord",39.02,6.023
"307",0.436,0,0.563,0.001,"mard",55.934,6.964
"308",0.969,0.029,0.001,0.002,"sird",58.307,7.562
"309",0.168,0,0.827,0.005,"mard",48.857,6.707
"310",NA,NA,NA,NA,"sird",NA,NA
"311",0.511,0,0,0.489,"sird",60.965,7.455
"312",0.005,0,0.995,0,"mard",36.52,6.498
"313",NA,NA,NA,NA,"sird",NA,NA
"314",NA,NA,NA,NA,"sird",NA,NA
"315",NA,NA,NA,NA,"sird",NA,NA
"316",NA,NA,NA,NA,"sird",NA,NA
"317",NA,NA,NA,NA,"sird",NA,NA
"318",NA,NA,NA,NA,"sird",NA,NA
"319",NA,NA,NA,NA,"sird",NA,NA
"320",0,0,0,1,"mord",40.31,6.473
"321",0.077,0,0.923,0,"mard",42.214,6.915
"322",NA,NA,NA,NA,"sird",NA,NA
"323",NA,NA,NA,NA,"sird",NA,NA
"324",NA,NA,NA,NA,"sird",NA,NA
"325",NA,NA,NA,NA,"sird",NA,NA
"326",NA,NA,NA,NA,"sird",NA,NA
"327",NA,NA,NA,NA,"sird",NA,NA
"328",NA,NA,NA,NA,"sird",NA,NA
"329",0.012,0,0.218,0.769,"mord",39.431,6.783
"330",0.851,0,0.129,0.02,"sird",47.31,6.989
"331",NA,NA,NA,NA,"sird",NA,NA
"332",0.096,0,0.002,0.902,"mord",42.444,6.973
"333",NA,NA,NA,NA,"sird",NA,NA
"334",0.065,0,0.935,0,"mard",44.759,6.819
"335",0.918,0,0.081,0.001,"sird",56.409,7.177
"336",0.012,0,0,0.988,"mord",65.799,7.52
"337",NA,NA,NA,NA,"sird",NA,NA
"338",NA,NA,NA,NA,"sird",NA,NA
"339",NA,NA,NA,NA,"sird",NA,NA
"340",NA,NA,NA,NA,"sird",NA,NA
"341",0.253,0.453,0,0.294,"siid",60.639,7.526
"342",NA,NA,NA,NA,"sird",NA,NA
"343",NA,NA,NA,NA,"sird",NA,NA
"344",0.033,0,0.949,0.018,"mard",44.157,6.867
"345",NA,NA,NA,NA,"sird",NA,NA
"346",NA,NA,NA,NA,"sird",NA,NA
"347",NA,NA,NA,NA,"sird",NA,NA
"348",NA,NA,NA,NA,"sird",NA,NA
"349",NA,NA,NA,NA,"sird",NA,NA
"350",0,0,0,1,"mord",31.906,5.48
"351",NA,NA,NA,NA,"sird",NA,NA
"352",NA,NA,NA,NA,"sird",NA,NA
"353",0.675,0,0.002,0.323,"sird",52.759,7.115
"354",NA,NA,NA,NA,"sird",NA,NA
"355",NA,NA,NA,NA,"sird",NA,NA
"356",0.048,0,0.001,0.951,"mord",53.889,7.12
"357",0.406,0,0.594,0,"mard",61.794,7.049
"358",NA,NA,NA,NA,"sird",NA,NA
"359",0.013,0,0,0.987,"mord",54.701,6.902
"360",NA,NA,NA,NA,"sird",NA,NA
"361",NA,NA,NA,NA,"sird",NA,NA
"362",NA,NA,NA,NA,"sird",NA,NA
"363",0.004,0,0.965,0.031,"mard",35.206,5.785
"364",0.032,0,0.968,0,"mard",38.972,7.102
"365",0.065,0.057,0.561,0.317,"mard",42.281,6.746
"366",0.002,0,0,0.998,"mord",47.904,7.161
"367",0,1,0,0,"siid",51.199,6.531
"368",NA,NA,NA,NA,"sird",NA,NA
"369",NA,NA,NA,NA,"sird",NA,NA
"370",NA,NA,NA,NA,"sird",NA,NA
"371",0.005,0,0.995,0,"mard",37.694,6.421
"372",NA,NA,NA,NA,"sird",NA,NA
"373",NA,NA,NA,NA,"sird",NA,NA
"374",NA,NA,NA,NA,"sird",NA,NA
"375",NA,NA,NA,NA,"sird",NA,NA
"376",NA,NA,NA,NA,"sird",NA,NA
"377",0.053,0,0.947,0,"mard",38.74,6.732
"378",NA,NA,NA,NA,"sird",NA,NA
"379",NA,NA,NA,NA,"sird",NA,NA
"380",NA,NA,NA,NA,"sird",NA,NA
"381",0.923,0,0.057,0.02,"sird",60.665,7.142
"382",NA,NA,NA,NA,"sird",NA,NA
"383",0.236,0,0.764,0,"mard",46.287,6.875
"384",NA,NA,NA,NA,"sird",NA,NA
"385",0.636,0,0.007,0.357,"sird",54.741,7.408
"386",0.001,0.001,0,0.998,"mord",50.115,6.703
"387",0.007,0,0.831,0.162,"mard",37.449,5.819
"388",NA,NA,NA,NA,"sird",NA,NA
"389",NA,NA,NA,NA,"sird",NA,NA
"390",0.74,0,0.259,0,"sird",51.225,7.362
"391",0.008,0,0.992,0,"mard",33.756,6.572
"392",NA,NA,NA,NA,"sird",NA,NA
"393",0,1,0,0,"siid",72.519,7.613
"394",NA,NA,NA,NA,"sird",NA,NA
"395",NA,NA,NA,NA,"sird",NA,NA
"396",0.016,0.001,0.834,0.148,"mard",41.213,6.568
"397",0.382,0,0.563,0.055,"mard",43.083,7.025
"398",0,1,0,0,"siid",52.603,6.893
"399",0.007,0,0.003,0.99,"mord",54.748,6.495
"400",NA,NA,NA,NA,"sird",NA,NA
"401",0.422,0,0.326,0.252,"sird",42.504,6.996
"402",NA,NA,NA,NA,"sird",NA,NA
"403",0.157,0,0,0.843,"mord",50.765,6.919
"404",0.01,0,0.99,0,"mard",41.837,6.598
"405",0,0,0,1,"mord",51.503,6.479
"406",NA,NA,NA,NA,"sird",NA,NA
"407",0,0.484,0,0.516,"mord",48.809,7.185
"408",NA,NA,NA,NA,"sird",NA,NA
"409",0,0.977,0,0.023,"siid",59.606,6.682
"410",0,0.004,0,0.996,"mord",51.556,6.798
"411",NA,NA,NA,NA,"sird",NA,NA
"412",NA,NA,NA,NA,"sird",NA,NA
"413",NA,NA,NA,NA,"sird",NA,NA
"414",NA,NA,NA,NA,"sird",NA,NA
"415",NA,NA,NA,NA,"sird",NA,NA
"416",0.001,0.997,0,0.003,"siid",49.072,7.42
"417",0,0,0,1,"mord",45.121,5.568
"418",NA,NA,NA,NA,"sird",NA,NA
"419",NA,NA,NA,NA,"sird",NA,NA
"420",NA,NA,NA,NA,"sird",NA,NA
"421",NA,NA,NA,NA,"sird",NA,NA
"422",0,0,1,0,"mard",35.337,6
"423",NA,NA,NA,NA,"sird",NA,NA
"424",0.781,0,0.21,0.009,"sird",48.863,7.34
"425",0.762,0.151,0.001,0.087,"sird",64.668,7.624
"426",0.063,0,0.937,0,"mard",46.226,6.911
"427",NA,NA,NA,NA,"sird",NA,NA
"428",NA,NA,NA,NA,"sird",NA,NA
"429",NA,NA,NA,NA,"sird",NA,NA
"430",NA,NA,NA,NA,"sird",NA,NA
"431",NA,NA,NA,NA,"sird",NA,NA
"432",NA,NA,NA,NA,"sird",NA,NA
"433",NA,NA,NA,NA,"sird",NA,NA
"434",0.109,0,0.891,0,"mard",49.848,7.447
"435",0.004,0,0.996,0,"mard",39.644,6.344
"436",0.066,0.001,0.911,0.021,"mard",45.449,6.803
"437",NA,NA,NA,NA,"sird",NA,NA
"438",NA,NA,NA,NA,"sird",NA,NA
"439",NA,NA,NA,NA,"sird",NA,NA
"440",0.008,0,0,0.992,"mord",41.065,6.744
"441",NA,NA,NA,NA,"sird",NA,NA
"442",NA,NA,NA,NA,"sird",NA,NA
"443",NA,NA,NA,NA,"sird",NA,NA
"444",0.034,0,0.966,0,"mard",37.277,6.95
"445",0.001,0.005,0,0.993,"mord",45.385,6.669
"446",0.024,0,0.959,0.016,"mard",33.872,6.745
"447",NA,NA,NA,NA,"sird",NA,NA
"448",NA,NA,NA,NA,"sird",NA,NA
"449",0.008,0,0.992,0,"mard",38.244,6.797
"450",NA,NA,NA,NA,"sird",NA,NA
"451",0.201,0,0.799,0,"mard",46.947,7.464
"452",0.023,0,0.976,0.001,"mard",39.169,6.539
"453",NA,NA,NA,NA,"sird",NA,NA
"454",0.002,0,0.998,0,"mard",39.626,6.123
"455",NA,NA,NA,NA,"sird",NA,NA
"456",NA,NA,NA,NA,"sird",NA,NA
"457",0.491,0,0.506,0.003,"mard",41.912,7.098
"458",0.334,0,0.666,0,"mard",43.662,7.153
"459",NA,NA,NA,NA,"sird",NA,NA
"460",0.97,0,0.008,0.022,"sird",50.994,6.953
"461",0,0,0,1,"mord",44.514,6.419
"462",NA,NA,NA,NA,"sird",NA,NA
"463",NA,NA,NA,NA,"sird",NA,NA
"464",NA,NA,NA,NA,"sird",NA,NA
"465",0.294,0,0.706,0,"mard",42.473,7.278
"466",NA,NA,NA,NA,"sird",NA,NA
"467",0.006,0.002,0.002,0.99,"mord",48.722,7.038
"468",0.001,0,0.999,0,"mard",33.719,5.938
"469",NA,NA,NA,NA,"sird",NA,NA
"470",0.001,0,0,0.999,"mord",50.627,7.076
"471",NA,NA,NA,NA,"sird",NA,NA
"472",0.011,0,0.989,0,"mard",35.625,6.869
"473",NA,NA,NA,NA,"sird",NA,NA
"474",0.158,0,0.003,0.838,"mord",46.79,7.108
"475",0.001,0.966,0.013,0.02,"siid",52.871,6.837
"476",0.005,0,0,0.995,"mord",45.128,6.509
"477",NA,NA,NA,NA,"sird",NA,NA
"478",0.887,0,0.003,0.11,"sird",60.975,7.267
"479",NA,NA,NA,NA,"sird",NA,NA
"480",NA,NA,NA,NA,"sird",NA,NA
"481",0.015,0,0.985,0,"mard",39.77,6.456
"482",0.996,0,0.004,0,"sird",49.492,7.53
"483",NA,NA,NA,NA,"sird",NA,NA
"484",0,0.187,0,0.813,"mord",48.136,6.274
"485",NA,NA,NA,NA,"sird",NA,NA
"486",NA,NA,NA,NA,"sird",NA,NA
"487",NA,NA,NA,NA,"sird",NA,NA
"488",NA,NA,NA,NA,"sird",NA,NA
"489",0.017,0.382,0.119,0.482,"mord",52.741,6.72
"490",0.001,0,0.999,0,"mard",29.325,6.511
"491",NA,NA,NA,NA,"sird",NA,NA
"492",NA,NA,NA,NA,"sird",NA,NA
"493",NA,NA,NA,NA,"sird",NA,NA
"494",NA,NA,NA,NA,"sird",NA,NA
"495",NA,NA,NA,NA,"sird",NA,NA
"496",NA,NA,NA,NA,"sird",NA,NA
"497",0.024,0,0.001,0.975,"mord",48.674,6.815
"498",NA,NA,NA,NA,"sird",NA,NA
"499",0.851,0,0.108,0.04,"sird",45.659,7.202
"500",NA,NA,NA,NA,"sird",NA,NA
"501",0.028,0,0.972,0,"mard",38.94,6.934
"502",0.988,0,0.012,0,"sird",51.027,7.623
"503",NA,NA,NA,NA,"sird",NA,NA
"504",NA,NA,NA,NA,"sird",NA,NA
"505",NA,NA,NA,NA,"sird",NA,NA
"506",NA,NA,NA,NA,"sird",NA,NA
"507",NA,NA,NA,NA,"sird",NA,NA
"508",NA,NA,NA,NA,"sird",NA,NA
"509",0.001,0.011,0,0.989,"mord",49.302,7.056
"510",0.625,0,0.261,0.114,"sird",46.957,7.121
"511",NA,NA,NA,NA,"sird",NA,NA
"512",NA,NA,NA,NA,"sird",NA,NA
"513",0,0,0.999,0,"mard",31.943,6.14
"514",NA,NA,NA,NA,"sird",NA,NA
"515",NA,NA,NA,NA,"sird",NA,NA
"516",NA,NA,NA,NA,"sird",NA,NA
"517",NA,NA,NA,NA,"sird",NA,NA
"518",NA,NA,NA,NA,"sird",NA,NA
"519",NA,NA,NA,NA,"sird",NA,NA
"520",NA,NA,NA,NA,"sird",NA,NA
"521",NA,NA,NA,NA,"sird",NA,NA
"522",NA,NA,NA,NA,"sird",NA,NA
"523",NA,NA,NA,NA,"sird",NA,NA
"524",0.158,0,0.66,0.182,"mard",37.1,6.944
"525",0.081,0,0.919,0,"mard",44.604,7.114
"526",NA,NA,NA,NA,"sird",NA,NA
"527",0.007,0,0.993,0,"mard",39.094,6.75
"528",0.006,0,0.994,0,"mard",33.482,6.724
"529",NA,NA,NA,NA,"sird",NA,NA
"530",NA,NA,NA,NA,"sird",NA,NA
"531",NA,NA,NA,NA,"sird",NA,NA
"532",0,1,0,0,"siid",49.341,6.701
"533",NA,NA,NA,NA,"sird",NA,NA
"534",0.007,0,0.993,0,"mard",33.735,6.479
"535",NA,NA,NA,NA,"sird",NA,NA
"536",NA,NA,NA,NA,"sird",NA,NA
"537",NA,NA,NA,NA,"sird",NA,NA
"538",NA,NA,NA,NA,"sird",NA,NA
"539",NA,NA,NA,NA,"sird",NA,NA
"540",NA,NA,NA,NA,"sird",NA,NA
"541",NA,NA,NA,NA,"sird",NA,NA
"542",0.532,0,0.138,0.33,"sird",48.501,6.767
"543",NA,NA,NA,NA,"sird",NA,NA
"544",NA,NA,NA,NA,"sird",NA,NA
"545",0.033,0,0,0.967,"mord",59.892,6.994
"546",0.776,0,0,0.224,"sird",51.639,7.472
"547",0,0,0,1,"mord",45.418,6.815
"548",NA,NA,NA,NA,"sird",NA,NA
"549",NA,NA,NA,NA,"sird",NA,NA
"550",NA,NA,NA,NA,"sird",NA,NA
"551",NA,NA,NA,NA,"sird",NA,NA
"552",NA,NA,NA,NA,"sird",NA,NA
"553",NA,NA,NA,NA,"sird",NA,NA
"554",NA,NA,NA,NA,"sird",NA,NA
"555",NA,NA,NA,NA,"sird",NA,NA
"556",0,0.327,0,0.673,"mord",50.374,6.565
"557",NA,NA,NA,NA,"sird",NA,NA
"558",NA,NA,NA,NA,"sird",NA,NA
"559",NA,NA,NA,NA,"sird",NA,NA
"560",NA,NA,NA,NA,"sird",NA,NA
"561",0,0.138,0,0.862,"mord",61.174,6.788
"562",0.566,0,0.433,0,"sird",48.201,7.387
"563",0,0.999,0,0,"siid",44.075,6.569
"564",0.01,0,0.99,0,"mard",32.713,6.68
"565",NA,NA,NA,NA,"sird",NA,NA
"566",NA,NA,NA,NA,"sird",NA,NA
"567",NA,NA,NA,NA,"sird",NA,NA
"568",NA,NA,NA,NA,"sird",NA,NA
"569",0.003,0,0.997,0,"mard",33.872,6.795
"570",0.361,0,0.554,0.084,"mard",48.199,6.782
"571",NA,NA,NA,NA,"sird",NA,NA
"572",NA,NA,NA,NA,"sird",NA,NA
"573",NA,NA,NA,NA,"sird",NA,NA
"574",NA,NA,NA,NA,"sird",NA,NA
"575",0,1,0,0,"siid",42.237,7.012
"576",0.004,0.476,0.519,0,"mard",37.601,7.008
"577",NA,NA,NA,NA,"sird",NA,NA
"578",0.012,0,0,0.987,"mord",59.812,6.976
"579",NA,NA,NA,NA,"sird",NA,NA
"580",NA,NA,NA,NA,"sird",NA,NA
"581",NA,NA,NA,NA,"sird",NA,NA
"582",NA,NA,NA,NA,"sird",NA,NA
"583",NA,NA,NA,NA,"sird",NA,NA
"584",0.001,0,0.999,0,"mard",30.38,6.392
"585",0.183,0,0.816,0.001,"mard",48.333,6.59
"586",NA,NA,NA,NA,"sird",NA,NA
"587",0,1,0,0,"siid",51.193,6.616
"588",NA,NA,NA,NA,"sird",NA,NA
"589",NA,NA,NA,NA,"sird",NA,NA
"590",NA,NA,NA,NA,"sird",NA,NA
"591",NA,NA,NA,NA,"sird",NA,NA
"592",0.003,0,0.997,0,"mard",34.068,6.242
"593",NA,NA,NA,NA,"sird",NA,NA
"594",NA,NA,NA,NA,"sird",NA,NA
"595",NA,NA,NA,NA,"sird",NA,NA
"596",0,0,0,1,"mord",39.895,6.21
"597",NA,NA,NA,NA,"sird",NA,NA
"598",0,1,0,0,"siid",50.167,7.195
"599",NA,NA,NA,NA,"sird",NA,NA
"600",NA,NA,NA,NA,"sird",NA,NA
"601",NA,NA,NA,NA,"sird",NA,NA
"602",NA,NA,NA,NA,"sird",NA,NA
"603",NA,NA,NA,NA,"sird",NA,NA
"604",0.038,0,0.92,0.043,"mard",37.096,6.485
"605",NA,NA,NA,NA,"sird",NA,NA
"606",NA,NA,NA,NA,"sird",NA,NA
"607",NA,NA,NA,NA,"sird",NA,NA
"608",NA,NA,NA,NA,"sird",NA,NA
"609",NA,NA,NA,NA,"sird",NA,NA
"610",0,1,0,0,"siid",47.1,7.195
"611",0.022,0,0,0.978,"mord",56.842,7.004
"612",NA,NA,NA,NA,"sird",NA,NA
"613",0.006,0,0,0.994,"mord",37.306,6.781
"614",NA,NA,NA,NA,"sird",NA,NA
"615",NA,NA,NA,NA,"sird",NA,NA
"616",NA,NA,NA,NA,"sird",NA,NA
"617",NA,NA,NA,NA,"sird",NA,NA
"618",NA,NA,NA,NA,"sird",NA,NA
"619",NA,NA,NA,NA,"sird",NA,NA
"620",NA,NA,NA,NA,"sird",NA,NA
"621",NA,NA,NA,NA,"sird",NA,NA
"622",NA,NA,NA,NA,"sird",NA,NA
"623",NA,NA,NA,NA,"sird",NA,NA
"624",NA,NA,NA,NA,"sird",NA,NA
"625",NA,NA,NA,NA,"sird",NA,NA
"626",NA,NA,NA,NA,"sird",NA,NA
"627",NA,NA,NA,NA,"sird",NA,NA
"628",NA,NA,NA,NA,"sird",NA,NA
"629",0.118,0,0,0.882,"mord",55.083,6.985
"630",0,0.997,0,0.003,"siid",44.253,6.916
"631",NA,NA,NA,NA,"sird",NA,NA
"632",NA,NA,NA,NA,"sird",NA,NA
"633",NA,NA,NA,NA,"sird",NA,NA
"634",NA,NA,NA,NA,"sird",NA,NA
"635",NA,NA,NA,NA,"sird",NA,NA
"636",NA,NA,NA,NA,"sird",NA,NA
"637",0,0.999,0,0.001,"siid",45.403,6.992
"638",0.013,0,0,0.986,"mord",49.865,6.819
"639",NA,NA,NA,NA,"sird",NA,NA
"640",NA,NA,NA,NA,"sird",NA,NA
"641",0,0,0,1,"mord",41.235,6.063
"642",0.65,0,0.156,0.193,"sird",46.264,6.573
"643",0.043,0,0.003,0.954,"mord",44.539,6.906
"644",NA,NA,NA,NA,"sird",NA,NA
"645",0.01,0,0,0.99,"mord",53.227,7.319
"646",0.085,0.048,0.191,0.677,"mord",45.401,7.129
"647",NA,NA,NA,NA,"sird",NA,NA
"648",0.001,0.077,0.001,0.922,"mord",52.644,6.667
"649",NA,NA,NA,NA,"sird",NA,NA
"650",NA,NA,NA,NA,"sird",NA,NA
"651",0.357,0,0.001,0.642,"mord",45.79,7.194
"652",NA,NA,NA,NA,"sird",NA,NA
"653",NA,NA,NA,NA,"sird",NA,NA
"654",NA,NA,NA,NA,"sird",NA,NA
"655",NA,NA,NA,NA,"sird",NA,NA
"656",0.287,0,0,0.713,"mord",60.233,7.549
"657",NA,NA,NA,NA,"sird",NA,NA
"658",NA,NA,NA,NA,"sird",NA,NA
"659",NA,NA,NA,NA,"sird",NA,NA
"660",NA,NA,NA,NA,"sird",NA,NA
"661",0.001,0,0.999,0,"mard",34.225,5.8
"662",0.006,0,0.994,0,"mard",36.808,6.616
"663",0.001,0,0.999,0,"mard",30.041,6.065
"664",NA,NA,NA,NA,"sird",NA,NA
"665",NA,NA,NA,NA,"sird",NA,NA
"666",0,1,0,0,"siid",35.032,5.329
"667",0,0.969,0,0.031,"siid",49.025,6.424
"668",NA,NA,NA,NA,"sird",NA,NA
"669",NA,NA,NA,NA,"sird",NA,NA
"670",NA,NA,NA,NA,"sird",NA,NA
"671",NA,NA,NA,NA,"sird",NA,NA
"672",NA,NA,NA,NA,"sird",NA,NA
"673",NA,NA,NA,NA,"sird",NA,NA
"674",0,1,0,0,"siid",38.706,6.309
"675",0.261,0,0.161,0.578,"mord",46.549,6.494
"676",0,0,0,1,"mord",50.87,6.448
"677",0.968,0,0.001,0.032,"sird",61.211,7.693
"678",0,0.016,0,0.984,"mord",58.782,6.417
"679",0.016,0,0.965,0.02,"mard",39.153,6.48
"680",NA,NA,NA,NA,"sird",NA,NA
"681",NA,NA,NA,NA,"sird",NA,NA
"682",0.043,0.008,0.019,0.929,"mord",45.828,7.083
"683",0.217,0.78,0.003,0,"siid",51.975,7.519
"684",NA,NA,NA,NA,"sird",NA,NA
"685",0.911,0.073,0.006,0.01,"sird",52.47,7.493
"686",NA,NA,NA,NA,"sird",NA,NA
"687",NA,NA,NA,NA,"sird",NA,NA
"688",NA,NA,NA,NA,"sird",NA,NA
"689",0.002,0,0.998,0,"mard",30.506,6.331
"690",NA,NA,NA,NA,"sird",NA,NA
"691",0,1,0,0,"siid",61.71,7.12
"692",NA,NA,NA,NA,"sird",NA,NA
"693",0.162,0,0,0.838,"mord",49.167,6.916
"694",NA,NA,NA,NA,"sird",NA,NA
"695",NA,NA,NA,NA,"sird",NA,NA
"696",0,0,0.999,0,"mard",35.615,6.191
"697",0,0.167,0,0.833,"mord",41.758,7.118
"698",NA,NA,NA,NA,"sird",NA,NA
"699",NA,NA,NA,NA,"sird",NA,NA
"700",0.965,0,0.017,0.018,"sird",55.909,7.453
"701",0.011,0.016,0.185,0.788,"mord",40.237,6.824
"702",NA,NA,NA,NA,"sird",NA,NA
"703",NA,NA,NA,NA,"sird",NA,NA
"704",NA,NA,NA,NA,"sird",NA,NA
"705",NA,NA,NA,NA,"sird",NA,NA
"706",0.002,0,0.998,0,"mard",36.879,6.356
"707",0.001,0,0,0.999,"mord",36.133,6.719
"708",NA,NA,NA,NA,"sird",NA,NA
"709",0,0.016,0,0.984,"mord",49.684,7.011
"710",NA,NA,NA,NA,"sird",NA,NA
"711",0,0,0,1,"mord",44.139,6.73
"712",0,0,0,1,"mord",41.737,6.17
"713",NA,NA,NA,NA,"sird",NA,NA
"714",0.01,0,0.99,0,"mard",37.74,6.699
"715",0.654,0,0.007,0.339,"sird",52.588,7.292
"716",NA,NA,NA,NA,"sird",NA,NA
"717",NA,NA,NA,NA,"sird",NA,NA
"718",0.065,0,0.935,0,"mard",37.751,6.905
"719",0.201,0,0.013,0.786,"mord",44.135,7.19
"720",0.022,0.428,0.55,0,"mard",41.631,7.19
"721",0,0.913,0.087,0,"siid",42.294,7.188
"722",NA,NA,NA,NA,"sird",NA,NA
"723",NA,NA,NA,NA,"sird",NA,NA
"724",NA,NA,NA,NA,"sird",NA,NA
"725",NA,NA,NA,NA,"sird",NA,NA
"726",NA,NA,NA,NA,"sird",NA,NA
"727",0,0,0.034,0.965,"mord",37.763,5.503
"728",0.121,0,0.878,0,"mard",51.052,6.911
"729",0.002,0,0,0.998,"mord",55.608,7.179
"730",NA,NA,NA,NA,"sird",NA,NA
"731",0.009,0,0,0.991,"mord",56.664,7.432
"732",0.004,0.994,0,0.003,"siid",47.775,7.441
"733",NA,NA,NA,NA,"sird",NA,NA
"734",0.002,0,0.998,0,"mard",32.643,6.527
"735",0.017,0,0.969,0.014,"mard",32.156,6.206
"736",NA,NA,NA,NA,"sird",NA,NA
"737",NA,NA,NA,NA,"sird",NA,NA
"738",0.074,0,0,0.926,"mord",48.89,7.152
"739",0.187,0,0,0.813,"mord",52.222,7.366
"740",0.002,0,0.998,0,"mard",37.225,6.243
"741",NA,NA,NA,NA,"sird",NA,NA
"742",NA,NA,NA,NA,"sird",NA,NA
"743",0.009,0.14,0,0.851,"mord",46.811,7.325
"744",NA,NA,NA,NA,"sird",NA,NA
"745",NA,NA,NA,NA,"sird",NA,NA
"746",NA,NA,NA,NA,"sird",NA,NA
"747",NA,NA,NA,NA,"sird",NA,NA
"748",NA,NA,NA,NA,"sird",NA,NA
"749",0,0.995,0,0.005,"siid",54.577,7.268
"750",NA,NA,NA,NA,"sird",NA,NA
"751",0,1,0,0,"siid",55.053,6.955
"752",NA,NA,NA,NA,"sird",NA,NA
"753",NA,NA,NA,NA,"sird",NA,NA
"754",NA,NA,NA,NA,"sird",NA,NA
"755",0.018,0,0,0.982,"mord",50.297,6.99
"756",NA,NA,NA,NA,"sird",NA,NA
"757",NA,NA,NA,NA,"sird",NA,NA
"758",NA,NA,NA,NA,"sird",NA,NA
"759",0,0,0,1,"mord",48.169,6.317
"760",NA,NA,NA,NA,"sird",NA,NA
"761",0.072,0,0.549,0.379,"mard",44.21,6.246
"762",NA,NA,NA,NA,"sird",NA,NA
"763",NA,NA,NA,NA,"sird",NA,NA
"764",0.002,0,0,0.998,"mord",58.741,6.725
"765",0,0.001,0.004,0.995,"mord",35.208,5.378
"766",0.024,0,0.976,0,"mard",45.13,6.423
"767",0.021,0,0.979,0,"mard",36.851,6.666
"768",0.001,0,0,0.999,"mord",49.65,6.81
"769",NA,NA,NA,NA,"sird",NA,NA
"770",NA,NA,NA,NA,"sird",NA,NA
"771",0.58,0,0.018,0.401,"sird",49.725,7.217
"772",NA,NA,NA,NA,"sird",NA,NA
"773",0,0,0,1,"mord",55.587,6.61
"774",NA,NA,NA,NA,"sird",NA,NA
"775",0,1,0,0,"siid",45.789,6.615
"776",0.952,0,0.001,0.047,"sird",52.515,6.997
"777",0.132,0.001,0.863,0.004,"mard",46.381,7.085
"778",0.008,0,0.992,0,"mard",44.338,6.551
"779",0,1,0,0,"siid",47.252,6.371
"780",NA,NA,NA,NA,"sird",NA,NA
"781",NA,NA,NA,NA,"sird",NA,NA
"782",NA,NA,NA,NA,"sird",NA,NA
"783",NA,NA,NA,NA,"sird",NA,NA
"784",NA,NA,NA,NA,"sird",NA,NA
"785",NA,NA,NA,NA,"sird",NA,NA
"786",0.042,0.949,0.001,0.008,"siid",53.156,7.423
"787",NA,NA,NA,NA,"sird",NA,NA
"788",NA,NA,NA,NA,"sird",NA,NA
"789",NA,NA,NA,NA,"sird",NA,NA
"790",NA,NA,NA,NA,"sird",NA,NA
"791",NA,NA,NA,NA,"sird",NA,NA
"792",0,1,0,0,"siid",40.865,6.013
"793",0.163,0,0,0.837,"mord",57.884,7.478
"794",0.026,0,0.922,0.052,"mard",38.93,6.988
"795",NA,NA,NA,NA,"sird",NA,NA
"796",NA,NA,NA,NA,"sird",NA,NA
"797",0.003,0,0.997,0,"mard",35.763,6.594
"798",0.001,0.425,0,0.574,"mord",49.67,7.258
"799",0.141,0,0,0.859,"mord",59.371,7.393
"800",0.005,0,0,0.995,"mord",44.073,7
"801",NA,NA,NA,NA,"sird",NA,NA
"802",0.111,0,0,0.889,"mord",60.788,7.181
"803",0.41,0,0.589,0.001,"mard",46.045,6.687
"804",0,0.997,0,0.003,"siid",46.708,6.493
"805",0.001,0,0.999,0,"mard",35.03,5.787
"806",0.004,0,0.995,0,"mard",32.77,6.583
"807",NA,NA,NA,NA,"sird",NA,NA
"808",0,0,0,1,"mord",59.725,7.327
"809",NA,NA,NA,NA,"sird",NA,NA
"810",NA,NA,NA,NA,"sird",NA,NA
"811",0.312,0,0.684,0.004,"mard",47.197,6.689
"812",NA,NA,NA,NA,"sird",NA,NA
"813",0.012,0,0.008,0.98,"mord",44.658,6.993
"814",NA,NA,NA,NA,"sird",NA,NA
"815",NA,NA,NA,NA,"sird",NA,NA
"816",0.048,0,0.915,0.037,"mard",37.398,6.82
"817",0.072,0,0.925,0.002,"mard",47.958,6.271
"818",0.738,0,0.13,0.132,"sird",50.498,7.258
"819",NA,NA,NA,NA,"sird",NA,NA
"820",0.005,0,0.995,0,"mard",36.467,6.55
"821",0.073,0,0.022,0.905,"mord",51.409,7.009
"822",NA,NA,NA,NA,"sird",NA,NA
"823",0.864,0,0,0.136,"sird",49.864,7.488
"824",0.001,0.678,0,0.321,"siid",54.733,6.836
"825",0.329,0,0,0.671,"mord",59.685,7.451
"826",NA,NA,NA,NA,"sird",NA,NA
"827",NA,NA,NA,NA,"sird",NA,NA
"828",0.031,0,0.969,0,"mard",46.497,6.565
"829",0.111,0,0.381,0.509,"mord",39.739,6.947
"830",NA,NA,NA,NA,"sird",NA,NA
"831",NA,NA,NA,NA,"sird",NA,NA
"832",NA,NA,NA,NA,"sird",NA,NA
"833",NA,NA,NA,NA,"sird",NA,NA
"834",NA,NA,NA,NA,"sird",NA,NA
"835",NA,NA,NA,NA,"sird",NA,NA
"836",0,0,0,1,"mord",46.351,6.758
"837",NA,NA,NA,NA,"sird",NA,NA
"838",NA,NA,NA,NA,"sird",NA,NA
"839",NA,NA,NA,NA,"sird",NA,NA
"840",0,0,0.008,0.991,"mord",41.534,6.114
"841",NA,NA,NA,NA,"sird",NA,NA
"842",0.234,0,0.123,0.643,"mord",39.794,6.697
"843",NA,NA,NA,NA,"sird",NA,NA
"844",0.055,0,0.939,0.006,"mard",38.836,7.075
"845",NA,NA,NA,NA,"sird",NA,NA
"846",NA,NA,NA,NA,"sird",NA,NA
"847",0,1,0,0,"siid",40.331,6.359
"848",0.994,0,0.006,0,"sird",65.706,7.73
"849",0.001,0.001,0.001,0.997,"mord",37.68,6.761
"850",0.019,0,0,0.981,"mord",48.968,7.142
"851",0.013,0,0.227,0.761,"mord",41.504,6.381
"852",0,0.586,0,0.414,"siid",39.334,6.051
"853",0,0.394,0.153,0.452,"mord",33.472,5.439
"854",NA,NA,NA,NA,"sird",NA,NA
"855",NA,NA,NA,NA,"sird",NA,NA
"856",NA,NA,NA,NA,"sird",NA,NA
"857",0.022,0,0.978,0,"mard",36.977,6.94
"858",NA,NA,NA,NA,"sird",NA,NA
"859",NA,NA,NA,NA,"sird",NA,NA
"860",NA,NA,NA,NA,"sird",NA,NA
"861",0.095,0,0.107,0.798,"mord",47.615,6.672
"862",NA,NA,NA,NA,"sird",NA,NA
"863",NA,NA,NA,NA,"sird",NA,NA
"864",0.005,0,0.995,0,"mard",37.581,6.445
"865",NA,NA,NA,NA,"sird",NA,NA
"866",NA,NA,NA,NA,"sird",NA,NA
"867",NA,NA,NA,NA,"sird",NA,NA
"868",0,0.04,0,0.96,"mord",42.002,6.019
"869",NA,NA,NA,NA,"sird",NA,NA
"870",NA,NA,NA,NA,"sird",NA,NA
"871",NA,NA,NA,NA,"sird",NA,NA
"872",NA,NA,NA,NA,"sird",NA,NA
"873",NA,NA,NA,NA,"sird",NA,NA
"874",0,0,0,1,"mord",51.622,6.342
"875",NA,NA,NA,NA,"sird",NA,NA
"876",NA,NA,NA,NA,"sird",NA,NA
"877",NA,NA,NA,NA,"sird",NA,NA
"878",NA,NA,NA,NA,"sird",NA,NA
"879",NA,NA,NA,NA,"sird",NA,NA
"880",0.034,0,0,0.966,"mord",63.531,6.912
"881",NA,NA,NA,NA,"sird",NA,NA
"882",0.013,0,0.987,0,"mard",37.112,6.597
"883",0.051,0,0,0.949,"mord",67.659,7.229
"884",NA,NA,NA,NA,"sird",NA,NA
"885",0.096,0,0.904,0,"mard",48.286,7.053
"886",NA,NA,NA,NA,"sird",NA,NA
"887",NA,NA,NA,NA,"sird",NA,NA
"888",NA,NA,NA,NA,"sird",NA,NA
"889",NA,NA,NA,NA,"sird",NA,NA
"890",0.017,0,0.983,0,"mard",38.062,7.001
"891",NA,NA,NA,NA,"sird",NA,NA
"892",NA,NA,NA,NA,"sird",NA,NA
"893",0.002,0,0,0.998,"mord",42.423,6.932
"894",NA,NA,NA,NA,"sird",NA,NA
"895",NA,NA,NA,NA,"sird",NA,NA
"896",NA,NA,NA,NA,"sird",NA,NA
"897",NA,NA,NA,NA,"sird",NA,NA
"898",NA,NA,NA,NA,"sird",NA,NA
"899",NA,NA,NA,NA,"sird",NA,NA
"900",0.002,0.929,0.026,0.043,"siid",45.982,7.018
"901",0.007,0.202,0.003,0.788,"mord",45.743,7.122
"902",0,0,0,1,"mord",45.981,6.403
"903",0,0.524,0,0.476,"siid",62.581,6.813
"904",NA,NA,NA,NA,"sird",NA,NA
"905",NA,NA,NA,NA,"sird",NA,NA
"906",0.005,0.17,0.785,0.04,"mard",37.322,6.772
"907",NA,NA,NA,NA,"sird",NA,NA
"908",0.466,0,0.001,0.532,"mord",49.74,6.871
"909",NA,NA,NA,NA,"sird",NA,NA
"910",NA,NA,NA,NA,"sird",NA,NA
"911",NA,NA,NA,NA,"sird",NA,NA
"912",NA,NA,NA,NA,"sird",NA,NA
"913",0.062,0,0.92,0.018,"mard",38.788,6.725
"914",0.05,0,0.948,0.002,"mard",43.596,6.403
"915",0.664,0.005,0,0.331,"sird",60.302,7.58
"916",NA,NA,NA,NA,"sird",NA,NA
"917",NA,NA,NA,NA,"sird",NA,NA
"918",NA,NA,NA,NA,"sird",NA,NA
"919",NA,NA,NA,NA,"sird",NA,NA
"920",NA,NA,NA,NA,"sird",NA,NA
"921",NA,NA,NA,NA,"sird",NA,NA
"922",NA,NA,NA,NA,"sird",NA,NA
"923",NA,NA,NA,NA,"sird",NA,NA
"924",0.004,0,0.996,0,"mard",37.725,6.669
"925",0.033,0,0.454,0.514,"mord",43.724,6.636
"926",NA,NA,NA,NA,"sird",NA,NA
"927",0.008,0,0,0.992,"mord",49.796,6.671
"928",NA,NA,NA,NA,"sird",NA,NA
"929",NA,NA,NA,NA,"sird",NA,NA
"930",NA,NA,NA,NA,"sird",NA,NA
"931",0,0,0,1,"mord",49.638,6.559
"932",0.003,0,0.997,0,"mard",33.536,6.454
"933",NA,NA,NA,NA,"sird",NA,NA
"934",NA,NA,NA,NA,"sird",NA,NA
"935",NA,NA,NA,NA,"sird",NA,NA
"936",NA,NA,NA,NA,"sird",NA,NA
"937",NA,NA,NA,NA,"sird",NA,NA
"938",NA,NA,NA,NA,"sird",NA,NA
"939",0.038,0,0.915,0.047,"mard",43.145,6.64
"940",NA,NA,NA,NA,"sird",NA,NA
"941",0.005,0,0,0.995,"mord",46.629,6.675
"942",NA,NA,NA,NA,"sird",NA,NA
"943",NA,NA,NA,NA,"sird",NA,NA
"944",NA,NA,NA,NA,"sird",NA,NA
"945",0,0,0,1,"mord",35.789,6.598
"946",0.001,0.968,0.03,0,"siid",48.361,6.899
"947",NA,NA,NA,NA,"sird",NA,NA
"948",NA,NA,NA,NA,"sird",NA,NA
"949",0,1,0,0,"siid",47.583,6.467
"950",NA,NA,NA,NA,"sird",NA,NA
"951",NA,NA,NA,NA,"sird",NA,NA
"952",0.011,0,0,0.989,"mord",61.103,7.106
"953",0.006,0,0.994,0,"mard",36.897,6.58
"954",0.081,0,0,0.919,"mord",55.727,6.808
"955",0,0.97,0.005,0.024,"siid",50.275,6.836
"956",NA,NA,NA,NA,"sird",NA,NA
"957",0.001,0,0.999,0,"mard",33.725,6.133
"958",0,0,0,1,"mord",37.029,5.626
"959",NA,NA,NA,NA,"sird",NA,NA
"960",NA,NA,NA,NA,"sird",NA,NA
"961",0.001,0,0,0.999,"mord",37.622,6.623
"962",0.379,0,0,0.621,"mord",52.851,7.401
"963",NA,NA,NA,NA,"sird",NA,NA
"964",0.174,0,0.826,0,"mard",50.7,6.868
"965",NA,NA,NA,NA,"sird",NA,NA
"966",NA,NA,NA,NA,"sird",NA,NA
"967",0.004,0.001,0.008,0.987,"mord",49.639,6.659
"968",0,0,0,1,"mord",43.479,6.25
"969",NA,NA,NA,NA,"sird",NA,NA
"970",NA,NA,NA,NA,"sird",NA,NA
"971",NA,NA,NA,NA,"sird",NA,NA
"972",NA,NA,NA,NA,"sird",NA,NA
"973",NA,NA,NA,NA,"sird",NA,NA
"974",NA,NA,NA,NA,"sird",NA,NA
"975",NA,NA,NA,NA,"sird",NA,NA
"976",NA,NA,NA,NA,"sird",NA,NA
"977",0.002,0,0.998,0,"mard",33.765,6.15
"978",NA,NA,NA,NA,"sird",NA,NA
"979",NA,NA,NA,NA,"sird",NA,NA
"980",NA,NA,NA,NA,"sird",NA,NA
"981",NA,NA,NA,NA,"sird",NA,NA
"982",NA,NA,NA,NA,"sird",NA,NA
"983",0.006,0,0.992,0.002,"mard",40.03,6.116
"984",NA,NA,NA,NA,"sird",NA,NA
"985",NA,NA,NA,NA,"sird",NA,NA
"986",NA,NA,NA,NA,"sird",NA,NA
"987",NA,NA,NA,NA,"sird",NA,NA
"988",NA,NA,NA,NA,"sird",NA,NA
"989",0.057,0,0.88,0.063,"mard",32.808,6.45
"990",NA,NA,NA,NA,"sird",NA,NA
"991",0,0.961,0.017,0.022,"siid",46.394,6.669
"992",NA,NA,NA,NA,"sird",NA,NA
"993",NA,NA,NA,NA,"sird",NA,NA
"994",NA,NA,NA,NA,"sird",NA,NA
"995",NA,NA,NA,NA,"sird",NA,NA
"996",NA,NA,NA,NA,"sird",NA,NA
"997",0.194,0,0.216,0.59,"mord",41.124,6.882
"998",NA,NA,NA,NA,"sird",NA,NA
"999",NA,NA,NA,NA,"sird",NA,NA
"1000",0.043,0,0.956,0,"mard",41.665,6.43
"1001",0.752,0,0.248,0,"sird",52.189,7.256
"1002",0,1,0,0,"siid",48.746,7.241
"1003",NA,NA,NA,NA,"sird",NA,NA
"1004",NA,NA,NA,NA,"sird",NA,NA
"1005",0.01,0,0.99,0,"mard",31.952,6.995
"1006",NA,NA,NA,NA,"sird",NA,NA
"1007",0.039,0,0.892,0.069,"mard",34.316,6.757
"1008",0.017,0,0.983,0,"mard",42.022,6.61
"1009",0.008,0.001,0.001,0.991,"mord",50.517,6.739
"1010",NA,NA,NA,NA,"sird",NA,NA
"1011",0,0.097,0,0.903,"mord",76.13,7.264
"1012",NA,NA,NA,NA,"sird",NA,NA
"1013",0.002,0,0.997,0.001,"mard",33.302,6.568
"1014",NA,NA,NA,NA,"sird",NA,NA
"1015",NA,NA,NA,NA,"sird",NA,NA
"1016",NA,NA,NA,NA,"sird",NA,NA
"1017",NA,NA,NA,NA,"sird",NA,NA
"1018",NA,NA,NA,NA,"sird",NA,NA
"1019",0.084,0,0.916,0,"mard",48.868,7.196
"1020",0.115,0,0,0.885,"mord",59.736,7.043
"1021",NA,NA,NA,NA,"sird",NA,NA
"1022",NA,NA,NA,NA,"sird",NA,NA
"1023",0.737,0,0,0.263,"sird",57.497,7.517
"1024",0.007,0,0,0.993,"mord",43.384,6.772
"1025",NA,NA,NA,NA,"sird",NA,NA
"1026",NA,NA,NA,NA,"sird",NA,NA
"1027",0.151,0,0.847,0.002,"mard",45.725,6.898
"1028",0.051,0,0.948,0.002,"mard",46.941,6.548
"1029",0.001,0,0,0.999,"mord",65.467,7.297
"1030",NA,NA,NA,NA,"sird",NA,NA
"1031",NA,NA,NA,NA,"sird",NA,NA
"1032",0.004,0,0.996,0,"mard",41.6,6.198
"1033",NA,NA,NA,NA,"sird",NA,NA
"1034",0.018,0,0.967,0.015,"mard",32.094,6.613
"1035",0.993,0,0.005,0.001,"sird",47.452,7.443
"1036",0,0.682,0,0.318,"siid",48.488,6.531
"1037",NA,NA,NA,NA,"sird",NA,NA
"1038",NA,NA,NA,NA,"sird",NA,NA
"1039",0.001,0.003,0,0.997,"mord",49.526,6.543
"1040",0.006,0,0.994,0,"mard",38.379,6.244
"1041",0.049,0,0.951,0,"mard",42.442,6.775
"1042",0.345,0.001,0.649,0.005,"mard",45.514,7.259
"1043",0.121,0,0.864,0.015,"mard",42.585,6.677
"1044",0,0.997,0,0.003,"siid",45.11,6.637
"1045",0.019,0,0,0.981,"mord",58.722,6.85
"1046",NA,NA,NA,NA,"sird",NA,NA
"1047",NA,NA,NA,NA,"sird",NA,NA
"1048",0.001,0,0,0.998,"mord",41.246,6.789
"1049",NA,NA,NA,NA,"sird",NA,NA
"1050",0.828,0,0.007,0.165,"sird",49.542,7.476
"1051",0.009,0,0,0.991,"mord",50.707,6.722
"1052",NA,NA,NA,NA,"sird",NA,NA
"1053",NA,NA,NA,NA,"sird",NA,NA
"1054",NA,NA,NA,NA,"sird",NA,NA
"1055",NA,NA,NA,NA,"sird",NA,NA
"1056",NA,NA,NA,NA,"sird",NA,NA
"1057",NA,NA,NA,NA,"sird",NA,NA
"1058",0,0,0,1,"mord",47.61,6.672
"1059",0.078,0,0.922,0,"mard",42.414,7.007
"1060",NA,NA,NA,NA,"sird",NA,NA
"1061",0.207,0,0.793,0,"mard",47.005,7.328
"1062",NA,NA,NA,NA,"sird",NA,NA
"1063",0.003,0,0.997,0,"mard",32.302,6.452
"1064",0,1,0,0,"siid",41.119,6.709
"1065",NA,NA,NA,NA,"sird",NA,NA
"1066",NA,NA,NA,NA,"sird",NA,NA
"1067",NA,NA,NA,NA,"sird",NA,NA
"1068",0,0,0.999,0,"mard",27.972,6.152
"1069",NA,NA,NA,NA,"sird",NA,NA
"1070",0.001,0,0,0.998,"mord",49.896,6.864
"1071",0.065,0,0.027,0.908,"mord",48.347,6.898
"1072",NA,NA,NA,NA,"sird",NA,NA
"1073",0.721,0,0.279,0,"sird",47.661,6.888
"1074",0,1,0,0,"siid",27.451,6.437
"1075",0.009,0,0.991,0,"mard",39.509,6.53
"1076",NA,NA,NA,NA,"sird",NA,NA
"1077",NA,NA,NA,NA,"sird",NA,NA
"1078",0.008,0,0.942,0.05,"mard",34.21,6.658
"1079",0.007,0,0,0.993,"mord",57.637,6.773
"1080",NA,NA,NA,NA,"sird",NA,NA
"1081",0.671,0,0.013,0.316,"sird",44.064,7.027
"1082",0,0,0,1,"mord",44.496,6.317
"1083",NA,NA,NA,NA,"sird",NA,NA
"1084",0.275,0.004,0.581,0.14,"mard",45.958,7.357
"1085",0,1,0,0,"siid",41.743,5.985
"1086",NA,NA,NA,NA,"sird",NA,NA
"1087",NA,NA,NA,NA,"sird",NA,NA
"1088",NA,NA,NA,NA,"sird",NA,NA
"1089",NA,NA,NA,NA,"sird",NA,NA
"1090",NA,NA,NA,NA,"sird",NA,NA
"1091",0.002,0.003,0,0.995,"mord",52.126,6.899
"1092",NA,NA,NA,NA,"sird",NA,NA
"1093",NA,NA,NA,NA,"sird",NA,NA
"1094",NA,NA,NA,NA,"sird",NA,NA
"1095",0.267,0,0.73,0.003,"mard",42.77,7.061
"1096",0,0,0,1,"mord",34.753,5.963
"1097",NA,NA,NA,NA,"sird",NA,NA
"1098",0.44,0,0.002,0.558,"mord",50.565,6.982
"1099",0.026,0,0.002,0.972,"mord",55.161,6.812
"1100",NA,NA,NA,NA,"sird",NA,NA
"1101",0.001,0,0.999,0,"mard",32.379,6.088
"1102",NA,NA,NA,NA,"sird",NA,NA
"1103",NA,NA,NA,NA,"sird",NA,NA
"1104",0.025,0,0.975,0,"mard",37.28,7.013
"1105",NA,NA,NA,NA,"sird",NA,NA
"1106",0.271,0,0,0.729,"mord",54.04,7.412
"1107",0.021,0,0,0.979,"mord",59.382,7.408
"1108",NA,NA,NA,NA,"sird",NA,NA
"1109",NA,NA,NA,NA,"sird",NA,NA
"1110",0,1,0,0,"siid",34.923,6.81
"1111",0.432,0,0.567,0.001,"mard",48.733,6.835
"1112",NA,NA,NA,NA,"sird",NA,NA
"1113",NA,NA,NA,NA,"sird",NA,NA
"1114",0,1,0,0,"siid",40.345,6.562
"1115",NA,NA,NA,NA,"sird",NA,NA
"1116",NA,NA,NA,NA,"sird",NA,NA
"1117",NA,NA,NA,NA,"sird",NA,NA
"1118",0.009,0.418,0.082,0.491,"mord",37.814,6.953
"1119",0.012,0,0.988,0,"mard",40.183,6.746
"1120",NA,NA,NA,NA,"sird",NA,NA
"1121",NA,NA,NA,NA,"sird",NA,NA
"1122",NA,NA,NA,NA,"sird",NA,NA
"1123",0.039,0,0.96,0,"mard",43.787,7.023
"1124",NA,NA,NA,NA,"sird",NA,NA
"1125",NA,NA,NA,NA,"sird",NA,NA
"1126",NA,NA,NA,NA,"sird",NA,NA
"1127",NA,NA,NA,NA,"sird",NA,NA
"1128",NA,NA,NA,NA,"sird",NA,NA
"1129",NA,NA,NA,NA,"sird",NA,NA
"1130",NA,NA,NA,NA,"sird",NA,NA
"1131",0,1,0,0,"siid",45.85,6.355
"1132",NA,NA,NA,NA,"sird",NA,NA
"1133",NA,NA,NA,NA,"sird",NA,NA
"1134",NA,NA,NA,NA,"sird",NA,NA
"1135",0,0.088,0,0.912,"mord",50.885,6.824
"1136",NA,NA,NA,NA,"sird",NA,NA
"1137",NA,NA,NA,NA,"sird",NA,NA
"1138",NA,NA,NA,NA,"sird",NA,NA
"1139",NA,NA,NA,NA,"sird",NA,NA
"1140",NA,NA,NA,NA,"sird",NA,NA
"1141",NA,NA,NA,NA,"sird",NA,NA
"1142",NA,NA,NA,NA,"sird",NA,NA
"1143",NA,NA,NA,NA,"sird",NA,NA
"1144",NA,NA,NA,NA,"sird",NA,NA
"1145",NA,NA,NA,NA,"sird",NA,NA
"1146",NA,NA,NA,NA,"sird",NA,NA
"1147",NA,NA,NA,NA,"sird",NA,NA
"1148",NA,NA,NA,NA,"sird",NA,NA
"1149",0.003,0,0.001,0.997,"mord",42.903,6.091
"1150",0.837,0,0.163,0,"sird",50.514,7.343
"1151",NA,NA,NA,NA,"sird",NA,NA
"1152",NA,NA,NA,NA,"sird",NA,NA
"1153",0,0.001,0,0.999,"mord",61.171,6.934
"1154",NA,NA,NA,NA,"sird",NA,NA
"1155",0.006,0,0,0.994,"mord",48.572,7.088
"1156",0.014,0,0,0.986,"mord",59.005,7.252
"1157",NA,NA,NA,NA,"sird",NA,NA
"1158",NA,NA,NA,NA,"sird",NA,NA
"1159",NA,NA,NA,NA,"sird",NA,NA
"1160",NA,NA,NA,NA,"sird",NA,NA
"1161",NA,NA,NA,NA,"sird",NA,NA
"1162",0.031,0,0.969,0,"mard",45.657,6.518
"1163",NA,NA,NA,NA,"sird",NA,NA
"1164",0.271,0,0,0.729,"mord",63.357,7.59
"1165",NA,NA,NA,NA,"sird",NA,NA
"1166",NA,NA,NA,NA,"sird",NA,NA
"1167",NA,NA,NA,NA,"sird",NA,NA
"1168",NA,NA,NA,NA,"sird",NA,NA
"1169",NA,NA,NA,NA,"sird",NA,NA
"1170",0.017,0,0.98,0.003,"mard",37.599,6.691
"1171",NA,NA,NA,NA,"sird",NA,NA
"1172",NA,NA,NA,NA,"sird",NA,NA
"1173",NA,NA,NA,NA,"sird",NA,NA
"1174",NA,NA,NA,NA,"sird",NA,NA
"1175",NA,NA,NA,NA,"sird",NA,NA
"1176",NA,NA,NA,NA,"sird",NA,NA
"1177",NA,NA,NA,NA,"sird",NA,NA
"1178",NA,NA,NA,NA,"sird",NA,NA
"1179",0.072,0,0,0.928,"mord",63.344,7.52
"1180",NA,NA,NA,NA,"sird",NA,NA
"1181",NA,NA,NA,NA,"sird",NA,NA
"1182",NA,NA,NA,NA,"sird",NA,NA
"1183",NA,NA,NA,NA,"sird",NA,NA
"1184",NA,NA,NA,NA,"sird",NA,NA
"1185",0.014,0,0.986,0,"mard",35.034,6.844
"1186",NA,NA,NA,NA,"sird",NA,NA
"1187",NA,NA,NA,NA,"sird",NA,NA
"1188",NA,NA,NA,NA,"sird",NA,NA
"1189",NA,NA,NA,NA,"sird",NA,NA
"1190",NA,NA,NA,NA,"sird",NA,NA
"1191",NA,NA,NA,NA,"sird",NA,NA
"1192",NA,NA,NA,NA,"sird",NA,NA
"1193",NA,NA,NA,NA,"sird",NA,NA
"1194",NA,NA,NA,NA,"sird",NA,NA
"1195",NA,NA,NA,NA,"sird",NA,NA
"1196",NA,NA,NA,NA,"sird",NA,NA
"1197",0.72,0,0.022,0.258,"sird",41.797,7.023
"1198",NA,NA,NA,NA,"sird",NA,NA
"1199",0,0,0,1,"mord",20.604,4.715
"1200",NA,NA,NA,NA,"sird",NA,NA
"1201",NA,NA,NA,NA,"sird",NA,NA
"1202",0.032,0,0,0.968,"mord",52.783,7.175
"1203",NA,NA,NA,NA,"sird",NA,NA
"1204",NA,NA,NA,NA,"sird",NA,NA
"1205",NA,NA,NA,NA,"sird",NA,NA
"1206",NA,NA,NA,NA,"sird",NA,NA
"1207",NA,NA,NA,NA,"sird",NA,NA
"1208",NA,NA,NA,NA,"sird",NA,NA
"1209",NA,NA,NA,NA,"sird",NA,NA
"1210",NA,NA,NA,NA,"sird",NA,NA
"1211",NA,NA,NA,NA,"sird",NA,NA
"1212",NA,NA,NA,NA,"sird",NA,NA
"1213",0.214,0,0.78,0.006,"mard",34.414,7.095
"1214",NA,NA,NA,NA,"sird",NA,NA
"1215",0,0,0,1,"mord",57.88,6.607
"1216",NA,NA,NA,NA,"sird",NA,NA
"1217",NA,NA,NA,NA,"sird",NA,NA
"1218",NA,NA,NA,NA,"sird",NA,NA
"1219",NA,NA,NA,NA,"sird",NA,NA
"1220",NA,NA,NA,NA,"sird",NA,NA
"1221",NA,NA,NA,NA,"sird",NA,NA
"1222",NA,NA,NA,NA,"sird",NA,NA
"1223",NA,NA,NA,NA,"sird",NA,NA
"1224",NA,NA,NA,NA,"sird",NA,NA
"1225",0,1,0,0,"siid",61.538,7.263
"1226",NA,NA,NA,NA,"sird",NA,NA
"1227",NA,NA,NA,NA,"sird",NA,NA
"1228",NA,NA,NA,NA,"sird",NA,NA
"1229",NA,NA,NA,NA,"sird",NA,NA
"1230",NA,NA,NA,NA,"sird",NA,NA
"1231",NA,NA,NA,NA,"sird",NA,NA
"1232",NA,NA,NA,NA,"sird",NA,NA
"1233",NA,NA,NA,NA,"sird",NA,NA
"1234",NA,NA,NA,NA,"sird",NA,NA
"1235",NA,NA,NA,NA,"sird",NA,NA
"1236",NA,NA,NA,NA,"sird",NA,NA
"1237",NA,NA,NA,NA,"sird",NA,NA
"1238",NA,NA,NA,NA,"sird",NA,NA
"1239",NA,NA,NA,NA,"sird",NA,NA
"1240",NA,NA,NA,NA,"sird",NA,NA
"1241",NA,NA,NA,NA,"sird",NA,NA
"1242",NA,NA,NA,NA,"sird",NA,NA
"1243",0.008,0,0.992,0,"mard",42.256,6.384
"1244",NA,NA,NA,NA,"sird",NA,NA
"1245",NA,NA,NA,NA,"sird",NA,NA
"1246",NA,NA,NA,NA,"sird",NA,NA
"1247",NA,NA,NA,NA,"sird",NA,NA
"1248",NA,NA,NA,NA,"sird",NA,NA
"1249",NA,NA,NA,NA,"sird",NA,NA
"1250",NA,NA,NA,NA,"sird",NA,NA
"1251",NA,NA,NA,NA,"sird",NA,NA
"1252",NA,NA,NA,NA,"sird",NA,NA
"1253",NA,NA,NA,NA,"sird",NA,NA
"1254",NA,NA,NA,NA,"sird",NA,NA
"1255",NA,NA,NA,NA,"sird",NA,NA
"1256",NA,NA,NA,NA,"sird",NA,NA
"1257",NA,NA,NA,NA,"sird",NA,NA
"1258",NA,NA,NA,NA,"sird",NA,NA
"1259",NA,NA,NA,NA,"sird",NA,NA
"1260",NA,NA,NA,NA,"sird",NA,NA
"1261",NA,NA,NA,NA,"sird",NA,NA
"1262",NA,NA,NA,NA,"sird",NA,NA
"1263",NA,NA,NA,NA,"sird",NA,NA
"1264",NA,NA,NA,NA,"sird",NA,NA
"1265",NA,NA,NA,NA,"sird",NA,NA
"1266",NA,NA,NA,NA,"sird",NA,NA
"1267",NA,NA,NA,NA,"sird",NA,NA
"1268",NA,NA,NA,NA,"sird",NA,NA
"1269",NA,NA,NA,NA,"sird",NA,NA
"1270",NA,NA,NA,NA,"sird",NA,NA
"1271",NA,NA,NA,NA,"sird",NA,NA
"1272",NA,NA,NA,NA,"sird",NA,NA
"1273",NA,NA,NA,NA,"sird",NA,NA
"1274",NA,NA,NA,NA,"sird",NA,NA
"1275",NA,NA,NA,NA,"sird",NA,NA
"1276",NA,NA,NA,NA,"sird",NA,NA
"1277",NA,NA,NA,NA,"sird",NA,NA
"1278",NA,NA,NA,NA,"sird",NA,NA
"1279",NA,NA,NA,NA,"sird",NA,NA
"1280",NA,NA,NA,NA,"sird",NA,NA
"1281",NA,NA,NA,NA,"sird",NA,NA
"1282",NA,NA,NA,NA,"sird",NA,NA
"1283",NA,NA,NA,NA,"sird",NA,NA
"1284",NA,NA,NA,NA,"sird",NA,NA
"1285",NA,NA,NA,NA,"sird",NA,NA
"1286",NA,NA,NA,NA,"sird",NA,NA
"1287",NA,NA,NA,NA,"sird",NA,NA
"1288",NA,NA,NA,NA,"sird",NA,NA
"1289",NA,NA,NA,NA,"sird",NA,NA
"1290",NA,NA,NA,NA,"sird",NA,NA
"1291",NA,NA,NA,NA,"sird",NA,NA
"1292",NA,NA,NA,NA,"sird",NA,NA
"1293",NA,NA,NA,NA,"sird",NA,NA
"1294",NA,NA,NA,NA,"sird",NA,NA
"1295",NA,NA,NA,NA,"sird",NA,NA
"1296",NA,NA,NA,NA,"sird",NA,NA
"1297",NA,NA,NA,NA,"sird",NA,NA
"1298",NA,NA,NA,NA,"sird",NA,NA
"1299",NA,NA,NA,NA,"sird",NA,NA
"1300",NA,NA,NA,NA,"sird",NA,NA
"1301",NA,NA,NA,NA,"sird",NA,NA
"1302",NA,NA,NA,NA,"sird",NA,NA
"1303",NA,NA,NA,NA,"sird",NA,NA
"1304",NA,NA,NA,NA,"sird",NA,NA
"1305",NA,NA,NA,NA,"sird",NA,NA
"1306",NA,NA,NA,NA,"sird",NA,NA
"1307",NA,NA,NA,NA,"sird",NA,NA
"1308",NA,NA,NA,NA,"sird",NA,NA
"1309",NA,NA,NA,NA,"sird",NA,NA
"1310",NA,NA,NA,NA,"sird",NA,NA
"1311",NA,NA,NA,NA,"sird",NA,NA
"1312",NA,NA,NA,NA,"sird",NA,NA
"1313",NA,NA,NA,NA,"sird",NA,NA
"1314",NA,NA,NA,NA,"sird",NA,NA
"1315",NA,NA,NA,NA,"sird",NA,NA
"1316",NA,NA,NA,NA,"sird",NA,NA
"1317",NA,NA,NA,NA,"sird",NA,NA
"1318",NA,NA,NA,NA,"sird",NA,NA
"1319",NA,NA,NA,NA,"sird",NA,NA
"1320",NA,NA,NA,NA,"sird",NA,NA
"1321",NA,NA,NA,NA,"sird",NA,NA
"1322",NA,NA,NA,NA,"sird",NA,NA
"1323",NA,NA,NA,NA,"sird",NA,NA
"1324",NA,NA,NA,NA,"sird",NA,NA
"1325",NA,NA,NA,NA,"sird",NA,NA
"1326",NA,NA,NA,NA,"sird",NA,NA
"1327",NA,NA,NA,NA,"sird",NA,NA
"1328",NA,NA,NA,NA,"sird",NA,NA
"1329",NA,NA,NA,NA,"sird",NA,NA
"1330",NA,NA,NA,NA,"sird",NA,NA
"1331",NA,NA,NA,NA,"sird",NA,NA
"1332",NA,NA,NA,NA,"sird",NA,NA
"1333",NA,NA,NA,NA,"sird",NA,NA
"1334",NA,NA,NA,NA,"sird",NA,NA
"1335",NA,NA,NA,NA,"sird",NA,NA
"1336",NA,NA,NA,NA,"sird",NA,NA
"1337",NA,NA,NA,NA,"sird",NA,NA
"1338",NA,NA,NA,NA,"sird",NA,NA
"1339",NA,NA,NA,NA,"sird",NA,NA
"1340",NA,NA,NA,NA,"sird",NA,NA
"1341",NA,NA,NA,NA,"sird",NA,NA
"1342",NA,NA,NA,NA,"sird",NA,NA
"1343",NA,NA,NA,NA,"sird",NA,NA
"1344",NA,NA,NA,NA,"sird",NA,NA
"1345",NA,NA,NA,NA,"sird",NA,NA
"1346",NA,NA,NA,NA,"sird",NA,NA
"1347",NA,NA,NA,NA,"sird",NA,NA
"1348",NA,NA,NA,NA,"sird",NA,NA
"1349",NA,NA,NA,NA,"sird",NA,NA
"1350",NA,NA,NA,NA,"sird",NA,NA
"1351",NA,NA,NA,NA,"sird",NA,NA
"1352",NA,NA,NA,NA,"sird",NA,NA
"1353",NA,NA,NA,NA,"sird",NA,NA
"1354",NA,NA,NA,NA,"sird",NA,NA
"1355",NA,NA,NA,NA,"sird",NA,NA
"1356",NA,NA,NA,NA,"sird",NA,NA
"1357",NA,NA,NA,NA,"sird",NA,NA
"1358",NA,NA,NA,NA,"sird",NA,NA
"1359",NA,NA,NA,NA,"sird",NA,NA
"1360",NA,NA,NA,NA,"sird",NA,NA
"1361",NA,NA,NA,NA,"sird",NA,NA
"1362",NA,NA,NA,NA,"sird",NA,NA
"1363",NA,NA,NA,NA,"sird",NA,NA
"1364",NA,NA,NA,NA,"sird",NA,NA
"1365",NA,NA,NA,NA,"sird",NA,NA
"1366",NA,NA,NA,NA,"sird",NA,NA
"1367",NA,NA,NA,NA,"sird",NA,NA
"1368",NA,NA,NA,NA,"sird",NA,NA
"1369",NA,NA,NA,NA,"sird",NA,NA
"1370",NA,NA,NA,NA,"sird",NA,NA
"1371",NA,NA,NA,NA,"sird",NA,NA
"1372",NA,NA,NA,NA,"sird",NA,NA
"1373",NA,NA,NA,NA,"sird",NA,NA
"1374",NA,NA,NA,NA,"sird",NA,NA
"1375",NA,NA,NA,NA,"sird",NA,NA
"1376",NA,NA,NA,NA,"sird",NA,NA
"1377",NA,NA,NA,NA,"sird",NA,NA
"1378",NA,NA,NA,NA,"sird",NA,NA
"1379",NA,NA,NA,NA,"sird",NA,NA
"1380",NA,NA,NA,NA,"sird",NA,NA
"1381",NA,NA,NA,NA,"sird",NA,NA
"1382",NA,NA,NA,NA,"sird",NA,NA
"1383",NA,NA,NA,NA,"sird",NA,NA
"1384",NA,NA,NA,NA,"sird",NA,NA
"1385",NA,NA,NA,NA,"sird",NA,NA
"1386",NA,NA,NA,NA,"sird",NA,NA
"1387",NA,NA,NA,NA,"sird",NA,NA
"1388",NA,NA,NA,NA,"sird",NA,NA
"1389",NA,NA,NA,NA,"sird",NA,NA
"1390",NA,NA,NA,NA,"sird",NA,NA
"1391",NA,NA,NA,NA,"sird",NA,NA
"1392",NA,NA,NA,NA,"sird",NA,NA
"1393",NA,NA,NA,NA,"sird",NA,NA
"1394",NA,NA,NA,NA,"sird",NA,NA
"1395",NA,NA,NA,NA,"sird",NA,NA
"1396",NA,NA,NA,NA,"sird",NA,NA
"1397",NA,NA,NA,NA,"sird",NA,NA
"1398",NA,NA,NA,NA,"sird",NA,NA
"1399",NA,NA,NA,NA,"sird",NA,NA
"1400",NA,NA,NA,NA,"sird",NA,NA
"1401",NA,NA,NA,NA,"sird",NA,NA
"1402",NA,NA,NA,NA,"sird",NA,NA
"1403",NA,NA,NA,NA,"sird",NA,NA
"1404",NA,NA,NA,NA,"sird",NA,NA
"1405",NA,NA,NA,NA,"sird",NA,NA
"1406",NA,NA,NA,NA,"sird",NA,NA
"1407",NA,NA,NA,NA,"sird",NA,NA
"1408",NA,NA,NA,NA,"sird",NA,NA
"1409",NA,NA,NA,NA,"sird",NA,NA
"1410",NA,NA,NA,NA,"sird",NA,NA
"1411",NA,NA,NA,NA,"sird",NA,NA
"1412",NA,NA,NA,NA,"sird",NA,NA
"1413",NA,NA,NA,NA,"sird",NA,NA
"1414",NA,NA,NA,NA,"sird",NA,NA
"1415",NA,NA,NA,NA,"sird",NA,NA
"1416",NA,NA,NA,NA,"sird",NA,NA
"1417",NA,NA,NA,NA,"sird",NA,NA
"1418",NA,NA,NA,NA,"sird",NA,NA
"1419",NA,NA,NA,NA,"sird",NA,NA
"1420",NA,NA,NA,NA,"sird",NA,NA
"1421",NA,NA,NA,NA,"sird",NA,NA
"1422",NA,NA,NA,NA,"sird",NA,NA
"1423",NA,NA,NA,NA,"sird",NA,NA
"1424",NA,NA,NA,NA,"sird",NA,NA
"1425",NA,NA,NA,NA,"sird",NA,NA
"1426",NA,NA,NA,NA,"sird",NA,NA
"1427",NA,NA,NA,NA,"sird",NA,NA
"1428",NA,NA,NA,NA,"sird",NA,NA
"1429",NA,NA,NA,NA,"sird",NA,NA
"1430",NA,NA,NA,NA,"sird",NA,NA
"1431",NA,NA,NA,NA,"sird",NA,NA
"1432",NA,NA,NA,NA,"sird",NA,NA
"1433",NA,NA,NA,NA,"sird",NA,NA
"1434",NA,NA,NA,NA,"sird",NA,NA
"1435",NA,NA,NA,NA,"sird",NA,NA
"1436",NA,NA,NA,NA,"sird",NA,NA
"1437",NA,NA,NA,NA,"sird",NA,NA
"1438",NA,NA,NA,NA,"sird",NA,NA
"1439",NA,NA,NA,NA,"sird",NA,NA
"1440",NA,NA,NA,NA,"sird",NA,NA
"1441",NA,NA,NA,NA,"sird",NA,NA
"1442",NA,NA,NA,NA,"sird",NA,NA
"1443",NA,NA,NA,NA,"sird",NA,NA
"1444",NA,NA,NA,NA,"sird",NA,NA
"1445",NA,NA,NA,NA,"sird",NA,NA
"1446",NA,NA,NA,NA,"sird",NA,NA
"1447",NA,NA,NA,NA,"sird",NA,NA
"1448",NA,NA,NA,NA,"sird",NA,NA
"1449",NA,NA,NA,NA,"sird",NA,NA
"1450",NA,NA,NA,NA,"sird",NA,NA
"1451",NA,NA,NA,NA,"sird",NA,NA
"1452",NA,NA,NA,NA,"sird",NA,NA
"1453",NA,NA,NA,NA,"sird",NA,NA
"1454",NA,NA,NA,NA,"sird",NA,NA
"1455",NA,NA,NA,NA,"sird",NA,NA
"1456",NA,NA,NA,NA,"sird",NA,NA
"1457",NA,NA,NA,NA,"sird",NA,NA
"1458",NA,NA,NA,NA,"sird",NA,NA
"1459",NA,NA,NA,NA,"sird",NA,NA
"1460",NA,NA,NA,NA,"sird",NA,NA
"1461",NA,NA,NA,NA,"sird",NA,NA
"1462",NA,NA,NA,NA,"sird",NA,NA
"1463",NA,NA,NA,NA,"sird",NA,NA
"1464",NA,NA,NA,NA,"sird",NA,NA
"1465",NA,NA,NA,NA,"sird",NA,NA
"1466",NA,NA,NA,NA,"sird",NA,NA
"1467",NA,NA,NA,NA,"sird",NA,NA
"1468",NA,NA,NA,NA,"sird",NA,NA
"1469",NA,NA,NA,NA,"sird",NA,NA
"1470",NA,NA,NA,NA,"sird",NA,NA
"1471",NA,NA,NA,NA,"sird",NA,NA
"1472",NA,NA,NA,NA,"sird",NA,NA
"1473",NA,NA,NA,NA,"sird",NA,NA
"1474",NA,NA,NA,NA,"sird",NA,NA
"1475",NA,NA,NA,NA,"sird",NA,NA
"1476",NA,NA,NA,NA,"sird",NA,NA
"1477",NA,NA,NA,NA,"sird",NA,NA
"1478",NA,NA,NA,NA,"sird",NA,NA
"1479",NA,NA,NA,NA,"sird",NA,NA
"1480",NA,NA,NA,NA,"sird",NA,NA
"1481",NA,NA,NA,NA,"sird",NA,NA
"1482",NA,NA,NA,NA,"sird",NA,NA
"1483",NA,NA,NA,NA,"sird",NA,NA
"1484",NA,NA,NA,NA,"sird",NA,NA
"1485",NA,NA,NA,NA,"sird",NA,NA
"1486",NA,NA,NA,NA,"sird",NA,NA
"1487",NA,NA,NA,NA,"sird",NA,NA
"1488",NA,NA,NA,NA,"sird",NA,NA
"1489",NA,NA,NA,NA,"sird",NA,NA
"1490",NA,NA,NA,NA,"sird",NA,NA
"1491",NA,NA,NA,NA,"sird",NA,NA
"1492",NA,NA,NA,NA,"sird",NA,NA
"1493",NA,NA,NA,NA,"sird",NA,NA
"1494",NA,NA,NA,NA,"sird",NA,NA
"1495",NA,NA,NA,NA,"sird",NA,NA
"1496",NA,NA,NA,NA,"sird",NA,NA
"1497",NA,NA,NA,NA,"sird",NA,NA
"1498",NA,NA,NA,NA,"sird",NA,NA
"1499",NA,NA,NA,NA,"sird",NA,NA
"1500",NA,NA,NA,NA,"sird",NA,NA
"1501",NA,NA,NA,NA,"sird",NA,NA
"1502",NA,NA,NA,NA,"sird",NA,NA
"1503",NA,NA,NA,NA,"sird",NA,NA
"1504",NA,NA,NA,NA,"sird",NA,NA
"1505",NA,NA,NA,NA,"sird",NA,NA
"1506",NA,NA,NA,NA,"sird",NA,NA
"1507",NA,NA,NA,NA,"sird",NA,NA
"1508",NA,NA,NA,NA,"sird",NA,NA
"1509",NA,NA,NA,NA,"sird",NA,NA
"1510",NA,NA,NA,NA,"sird",NA,NA
"1511",NA,NA,NA,NA,"sird",NA,NA
"1512",NA,NA,NA,NA,"sird",NA,NA
"1513",NA,NA,NA,NA,"sird",NA,NA
"1514",NA,NA,NA,NA,"sird",NA,NA
"1515",NA,NA,NA,NA,"sird",NA,NA
"1516",NA,NA,NA,NA,"sird",NA,NA
"1517",NA,NA,NA,NA,"sird",NA,NA
"1518",NA,NA,NA,NA,"sird",NA,NA
"1519",NA,NA,NA,NA,"sird",NA,NA
"1520",NA,NA,NA,NA,"sird",NA,NA
"1521",NA,NA,NA,NA,"sird",NA,NA
"1522",NA,NA,NA,NA,"sird",NA,NA
"1523",NA,NA,NA,NA,"sird",NA,NA
"1524",NA,NA,NA,NA,"sird",NA,NA
"1525",NA,NA,NA,NA,"sird",NA,NA
"1526",NA,NA,NA,NA,"sird",NA,NA
"1527",NA,NA,NA,NA,"sird",NA,NA
"1528",NA,NA,NA,NA,"sird",NA,NA
"1529",NA,NA,NA,NA,"sird",NA,NA
"1530",NA,NA,NA,NA,"sird",NA,NA
"1531",NA,NA,NA,NA,"sird",NA,NA
"1532",NA,NA,NA,NA,"sird",NA,NA
"1533",NA,NA,NA,NA,"sird",NA,NA
"1534",NA,NA,NA,NA,"sird",NA,NA
"1535",NA,NA,NA,NA,"sird",NA,NA
"1536",NA,NA,NA,NA,"sird",NA,NA
"1537",NA,NA,NA,NA,"sird",NA,NA
"1538",NA,NA,NA,NA,"sird",NA,NA
"1539",NA,NA,NA,NA,"sird",NA,NA
"1540",NA,NA,NA,NA,"sird",NA,NA
"1541",NA,NA,NA,NA,"sird",NA,NA
"1542",NA,NA,NA,NA,"sird",NA,NA
"1543",NA,NA,NA,NA,"sird",NA,NA
"1544",NA,NA,NA,NA,"sird",NA,NA
"1545",NA,NA,NA,NA,"sird",NA,NA
"1546",NA,NA,NA,NA,"sird",NA,NA
"1547",NA,NA,NA,NA,"sird",NA,NA
"1548",NA,NA,NA,NA,"sird",NA,NA
"1549",NA,NA,NA,NA,"sird",NA,NA
"1550",NA,NA,NA,NA,"sird",NA,NA
"1551",NA,NA,NA,NA,"sird",NA,NA
"1552",NA,NA,NA,NA,"sird",NA,NA
"1553",NA,NA,NA,NA,"sird",NA,NA
"1554",NA,NA,NA,NA,"sird",NA,NA
"1555",NA,NA,NA,NA,"sird",NA,NA
"1556",NA,NA,NA,NA,"sird",NA,NA
"1557",NA,NA,NA,NA,"sird",NA,NA
"1558",NA,NA,NA,NA,"sird",NA,NA
"1559",NA,NA,NA,NA,"sird",NA,NA
"1560",NA,NA,NA,NA,"sird",NA,NA
"1561",NA,NA,NA,NA,"sird",NA,NA
"1562",NA,NA,NA,NA,"sird",NA,NA
"1563",NA,NA,NA,NA,"sird",NA,NA
"1564",NA,NA,NA,NA,"sird",NA,NA
"1565",NA,NA,NA,NA,"sird",NA,NA
"1566",NA,NA,NA,NA,"sird",NA,NA
"1567",NA,NA,NA,NA,"sird",NA,NA
"1568",NA,NA,NA,NA,"sird",NA,NA
"1569",NA,NA,NA,NA,"sird",NA,NA
"1570",NA,NA,NA,NA,"sird",NA,NA
"1571",NA,NA,NA,NA,"sird",NA,NA
"1572",NA,NA,NA,NA,"sird",NA,NA
"1573",NA,NA,NA,NA,"sird",NA,NA
"1574",NA,NA,NA,NA,"sird",NA,NA
"1575",NA,NA,NA,NA,"sird",NA,NA
"1576",NA,NA,NA,NA,"sird",NA,NA
"1577",NA,NA,NA,NA,"sird",NA,NA
"1578",NA,NA,NA,NA,"sird",NA,NA
"1579",NA,NA,NA,NA,"sird",NA,NA
"1580",NA,NA,NA,NA,"sird",NA,NA
"1581",NA,NA,NA,NA,"sird",NA,NA
"1582",NA,NA,NA,NA,"sird",NA,NA
"1583",NA,NA,NA,NA,"sird",NA,NA
"1584",NA,NA,NA,NA,"sird",NA,NA
"1585",NA,NA,NA,NA,"sird",NA,NA
"1586",NA,NA,NA,NA,"sird",NA,NA
"1587",NA,NA,NA,NA,"sird",NA,NA
"1588",NA,NA,NA,NA,"sird",NA,NA
"1589",NA,NA,NA,NA,"sird",NA,NA
"1590",NA,NA,NA,NA,"sird",NA,NA
"1591",NA,NA,NA,NA,"sird",NA,NA
"1592",NA,NA,NA,NA,"sird",NA,NA
"1593",NA,NA,NA,NA,"sird",NA,NA
"1594",NA,NA,NA,NA,"sird",NA,NA
"1595",NA,NA,NA,NA,"sird",NA,NA
"1596",NA,NA,NA,NA,"sird",NA,NA
"1597",NA,NA,NA,NA,"sird",NA,NA
"1598",NA,NA,NA,NA,"sird",NA,NA
"1599",NA,NA,NA,NA,"sird",NA,NA
"1600",NA,NA,NA,NA,"sird",NA,NA
"1601",NA,NA,NA,NA,"sird",NA,NA
"1602",NA,NA,NA,NA,"sird",NA,NA
"1603",NA,NA,NA,NA,"sird",NA,NA
"1604",NA,NA,NA,NA,"sird",NA,NA
"1605",NA,NA,NA,NA,"sird",NA,NA
"1606",NA,NA,NA,NA,"sird",NA,NA
"1607",NA,NA,NA,NA,"sird",NA,NA
"1608",NA,NA,NA,NA,"sird",NA,NA
"1609",NA,NA,NA,NA,"sird",NA,NA
"1610",NA,NA,NA,NA,"sird",NA,NA
"1611",NA,NA,NA,NA,"sird",NA,NA
"1612",NA,NA,NA,NA,"sird",NA,NA
"1613",NA,NA,NA,NA,"sird",NA,NA
"1614",NA,NA,NA,NA,"sird",NA,NA
"1615",NA,NA,NA,NA,"sird",NA,NA
"1616",NA,NA,NA,NA,"sird",NA,NA
"1617",NA,NA,NA,NA,"sird",NA,NA
"1618",NA,NA,NA,NA,"sird",NA,NA
"1619",NA,NA,NA,NA,"sird",NA,NA
"1620",NA,NA,NA,NA,"sird",NA,NA
"1621",NA,NA,NA,NA,"sird",NA,NA
"1622",NA,NA,NA,NA,"sird",NA,NA
"1623",NA,NA,NA,NA,"sird",NA,NA
"1624",NA,NA,NA,NA,"sird",NA,NA
"1625",NA,NA,NA,NA,"sird",NA,NA
"1626",NA,NA,NA,NA,"sird",NA,NA
"1627",NA,NA,NA,NA,"sird",NA,NA
"1628",NA,NA,NA,NA,"sird",NA,NA
"1629",NA,NA,NA,NA,"sird",NA,NA
"1630",NA,NA,NA,NA,"sird",NA,NA
"1631",NA,NA,NA,NA,"sird",NA,NA
"1632",NA,NA,NA,NA,"sird",NA,NA
"1633",NA,NA,NA,NA,"sird",NA,NA
"1634",NA,NA,NA,NA,"sird",NA,NA
"1635",NA,NA,NA,NA,"sird",NA,NA
"1636",NA,NA,NA,NA,"sird",NA,NA
"1637",NA,NA,NA,NA,"sird",NA,NA
"1638",NA,NA,NA,NA,"sird",NA,NA
"1639",NA,NA,NA,NA,"sird",NA,NA
"1640",NA,NA,NA,NA,"sird",NA,NA
"1641",NA,NA,NA,NA,"sird",NA,NA
"1642",NA,NA,NA,NA,"sird",NA,NA
"1643",NA,NA,NA,NA,"sird",NA,NA
"1644",NA,NA,NA,NA,"sird",NA,NA
"1645",NA,NA,NA,NA,"sird",NA,NA
"1646",NA,NA,NA,NA,"sird",NA,NA
"1647",NA,NA,NA,NA,"sird",NA,NA
"1648",NA,NA,NA,NA,"sird",NA,NA
"1649",NA,NA,NA,NA,"sird",NA,NA
"1650",NA,NA,NA,NA,"sird",NA,NA
"1651",NA,NA,NA,NA,"sird",NA,NA
"1652",NA,NA,NA,NA,"sird",NA,NA
"1653",NA,NA,NA,NA,"sird",NA,NA
"1654",NA,NA,NA,NA,"sird",NA,NA
"1655",NA,NA,NA,NA,"sird",NA,NA
"1656",NA,NA,NA,NA,"sird",NA,NA
"1657",NA,NA,NA,NA,"sird",NA,NA
"1658",NA,NA,NA,NA,"sird",NA,NA
"1659",NA,NA,NA,NA,"sird",NA,NA
"1660",NA,NA,NA,NA,"sird",NA,NA
"1661",NA,NA,NA,NA,"sird",NA,NA
"1662",NA,NA,NA,NA,"sird",NA,NA
"1663",NA,NA,NA,NA,"sird",NA,NA
"1664",NA,NA,NA,NA,"sird",NA,NA
"1665",NA,NA,NA,NA,"sird",NA,NA
"1666",NA,NA,NA,NA,"sird",NA,NA
"1667",NA,NA,NA,NA,"sird",NA,NA
"1668",NA,NA,NA,NA,"sird",NA,NA
"1669",NA,NA,NA,NA,"sird",NA,NA
"1670",NA,NA,NA,NA,"sird",NA,NA
"1671",NA,NA,NA,NA,"sird",NA,NA
"1672",NA,NA,NA,NA,"sird",NA,NA
"1673",NA,NA,NA,NA,"sird",NA,NA
"1674",NA,NA,NA,NA,"sird",NA,NA
"1675",NA,NA,NA,NA,"sird",NA,NA
"1676",NA,NA,NA,NA,"sird",NA,NA
"1677",NA,NA,NA,NA,"sird",NA,NA
"1678",NA,NA,NA,NA,"sird",NA,NA
"1679",NA,NA,NA,NA,"sird",NA,NA
"1680",NA,NA,NA,NA,"sird",NA,NA
"1681",NA,NA,NA,NA,"sird",NA,NA
"1682",NA,NA,NA,NA,"sird",NA,NA
"1683",NA,NA,NA,NA,"sird",NA,NA
"1684",NA,NA,NA,NA,"sird",NA,NA
"1685",NA,NA,NA,NA,"sird",NA,NA
"1686",NA,NA,NA,NA,"sird",NA,NA
"1687",NA,NA,NA,NA,"sird",NA,NA
"1688",NA,NA,NA,NA,"sird",NA,NA
"1689",NA,NA,NA,NA,"sird",NA,NA
"1690",NA,NA,NA,NA,"sird",NA,NA
"1691",NA,NA,NA,NA,"sird",NA,NA
"1692",NA,NA,NA,NA,"sird",NA,NA
"1693",NA,NA,NA,NA,"sird",NA,NA
"1694",NA,NA,NA,NA,"sird",NA,NA
"1695",NA,NA,NA,NA,"sird",NA,NA
"1696",NA,NA,NA,NA,"sird",NA,NA
"1697",NA,NA,NA,NA,"sird",NA,NA
"1698",NA,NA,NA,NA,"sird",NA,NA
"1699",NA,NA,NA,NA,"sird",NA,NA
"1700",NA,NA,NA,NA,"sird",NA,NA
"1701",NA,NA,NA,NA,"sird",NA,NA
"1702",NA,NA,NA,NA,"sird",NA,NA
"1703",NA,NA,NA,NA,"sird",NA,NA
"1704",NA,NA,NA,NA,"sird",NA,NA
"1705",NA,NA,NA,NA,"sird",NA,NA
"1706",NA,NA,NA,NA,"sird",NA,NA
"1707",NA,NA,NA,NA,"sird",NA,NA
"1708",NA,NA,NA,NA,"sird",NA,NA
"1709",NA,NA,NA,NA,"sird",NA,NA
"1710",NA,NA,NA,NA,"sird",NA,NA
"1711",NA,NA,NA,NA,"sird",NA,NA
"1712",NA,NA,NA,NA,"sird",NA,NA
"1713",NA,NA,NA,NA,"sird",NA,NA
"1714",NA,NA,NA,NA,"sird",NA,NA
"1715",NA,NA,NA,NA,"sird",NA,NA
"1716",NA,NA,NA,NA,"sird",NA,NA
"1717",NA,NA,NA,NA,"sird",NA,NA
"1718",NA,NA,NA,NA,"sird",NA,NA
"1719",NA,NA,NA,NA,"sird",NA,NA
"1720",NA,NA,NA,NA,"sird",NA,NA
"1721",NA,NA,NA,NA,"sird",NA,NA
"1722",NA,NA,NA,NA,"sird",NA,NA
"1723",NA,NA,NA,NA,"sird",NA,NA
"1724",NA,NA,NA,NA,"sird",NA,NA
"1725",NA,NA,NA,NA,"sird",NA,NA
"1726",NA,NA,NA,NA,"sird",NA,NA
"1727",NA,NA,NA,NA,"sird",NA,NA
"1728",NA,NA,NA,NA,"sird",NA,NA
"1729",NA,NA,NA,NA,"sird",NA,NA
"1730",NA,NA,NA,NA,"sird",NA,NA
"1731",NA,NA,NA,NA,"sird",NA,NA
"1732",NA,NA,NA,NA,"sird",NA,NA
"1733",NA,NA,NA,NA,"sird",NA,NA
"1734",NA,NA,NA,NA,"sird",NA,NA
"1735",NA,NA,NA,NA,"sird",NA,NA
"1736",NA,NA,NA,NA,"sird",NA,NA
"1737",NA,NA,NA,NA,"sird",NA,NA
"1738",NA,NA,NA,NA,"sird",NA,NA
"1739",NA,NA,NA,NA,"sird",NA,NA
"1740",NA,NA,NA,NA,"sird",NA,NA
"1741",NA,NA,NA,NA,"sird",NA,NA
"1742",NA,NA,NA,NA,"sird",NA,NA
"1743",NA,NA,NA,NA,"sird",NA,NA
"1744",NA,NA,NA,NA,"sird",NA,NA
"1745",NA,NA,NA,NA,"sird",NA,NA
"1746",NA,NA,NA,NA,"sird",NA,NA
"1747",NA,NA,NA,NA,"sird",NA,NA
"1748",NA,NA,NA,NA,"sird",NA,NA
"1749",NA,NA,NA,NA,"sird",NA,NA
"1750",NA,NA,NA,NA,"sird",NA,NA
"1751",NA,NA,NA,NA,"sird",NA,NA
"1752",NA,NA,NA,NA,"sird",NA,NA
"1753",NA,NA,NA,NA,"sird",NA,NA
"1754",NA,NA,NA,NA,"sird",NA,NA
"1755",NA,NA,NA,NA,"sird",NA,NA
"1756",NA,NA,NA,NA,"sird",NA,NA
"1757",NA,NA,NA,NA,"sird",NA,NA
"1758",NA,NA,NA,NA,"sird",NA,NA
"1759",NA,NA,NA,NA,"sird",NA,NA
"1760",NA,NA,NA,NA,"sird",NA,NA
"1761",NA,NA,NA,NA,"sird",NA,NA
"1762",NA,NA,NA,NA,"sird",NA,NA
"1763",NA,NA,NA,NA,"sird",NA,NA
"1764",NA,NA,NA,NA,"sird",NA,NA
"1765",NA,NA,NA,NA,"sird",NA,NA
"1766",NA,NA,NA,NA,"sird",NA,NA
"1767",NA,NA,NA,NA,"sird",NA,NA
"1768",NA,NA,NA,NA,"sird",NA,NA
"1769",NA,NA,NA,NA,"sird",NA,NA
"1770",NA,NA,NA,NA,"sird",NA,NA
"1771",NA,NA,NA,NA,"sird",NA,NA
"1772",NA,NA,NA,NA,"sird",NA,NA
"1773",NA,NA,NA,NA,"sird",NA,NA
"1774",NA,NA,NA,NA,"sird",NA,NA
"1775",NA,NA,NA,NA,"sird",NA,NA
"1776",NA,NA,NA,NA,"sird",NA,NA
"1777",NA,NA,NA,NA,"sird",NA,NA
"1778",NA,NA,NA,NA,"sird",NA,NA
"1779",NA,NA,NA,NA,"sird",NA,NA
"1780",NA,NA,NA,NA,"sird",NA,NA
"1781",NA,NA,NA,NA,"sird",NA,NA
"1782",NA,NA,NA,NA,"sird",NA,NA
"1783",NA,NA,NA,NA,"sird",NA,NA
"1784",NA,NA,NA,NA,"sird",NA,NA
"1785",NA,NA,NA,NA,"sird",NA,NA
"1786",NA,NA,NA,NA,"sird",NA,NA
"1787",NA,NA,NA,NA,"sird",NA,NA
"1788",NA,NA,NA,NA,"sird",NA,NA
"1789",NA,NA,NA,NA,"sird",NA,NA
"1790",NA,NA,NA,NA,"sird",NA,NA
"1791",NA,NA,NA,NA,"sird",NA,NA
"1792",NA,NA,NA,NA,"sird",NA,NA
"1793",NA,NA,NA,NA,"sird",NA,NA
"1794",NA,NA,NA,NA,"sird",NA,NA
"1795",NA,NA,NA,NA,"sird",NA,NA
"1796",NA,NA,NA,NA,"sird",NA,NA
"1797",NA,NA,NA,NA,"sird",NA,NA
"1798",NA,NA,NA,NA,"sird",NA,NA
"1799",NA,NA,NA,NA,"sird",NA,NA
"1800",NA,NA,NA,NA,"sird",NA,NA
"1801",NA,NA,NA,NA,"sird",NA,NA
"1802",NA,NA,NA,NA,"sird",NA,NA
"1803",NA,NA,NA,NA,"sird",NA,NA
"1804",NA,NA,NA,NA,"sird",NA,NA
"1805",NA,NA,NA,NA,"sird",NA,NA
"1806",NA,NA,NA,NA,"sird",NA,NA
"1807",NA,NA,NA,NA,"sird",NA,NA
"1808",NA,NA,NA,NA,"sird",NA,NA
"1809",NA,NA,NA,NA,"sird",NA,NA
"1810",NA,NA,NA,NA,"sird",NA,NA
"1811",NA,NA,NA,NA,"sird",NA,NA
"1812",NA,NA,NA,NA,"sird",NA,NA
"1813",NA,NA,NA,NA,"sird",NA,NA
"1814",NA,NA,NA,NA,"sird",NA,NA
"1815",NA,NA,NA,NA,"sird",NA,NA
"1816",NA,NA,NA,NA,"sird",NA,NA
"1817",NA,NA,NA,NA,"sird",NA,NA
"1818",NA,NA,NA,NA,"sird",NA,NA
"1819",NA,NA,NA,NA,"sird",NA,NA
"1820",NA,NA,NA,NA,"sird",NA,NA
"1821",NA,NA,NA,NA,"sird",NA,NA
"1822",NA,NA,NA,NA,"sird",NA,NA
"1823",NA,NA,NA,NA,"sird",NA,NA
"1824",NA,NA,NA,NA,"sird",NA,NA
"1825",NA,NA,NA,NA,"sird",NA,NA
"1826",NA,NA,NA,NA,"sird",NA,NA
"1827",NA,NA,NA,NA,"sird",NA,NA
"1828",NA,NA,NA,NA,"sird",NA,NA
"1829",NA,NA,NA,NA,"sird",NA,NA
"1830",NA,NA,NA,NA,"sird",NA,NA
"1831",NA,NA,NA,NA,"sird",NA,NA
"1832",NA,NA,NA,NA,"sird",NA,NA
"1833",NA,NA,NA,NA,"sird",NA,NA
"1834",NA,NA,NA,NA,"sird",NA,NA
"1835",NA,NA,NA,NA,"sird",NA,NA
"1836",NA,NA,NA,NA,"sird",NA,NA
"1837",NA,NA,NA,NA,"sird",NA,NA
"1838",NA,NA,NA,NA,"sird",NA,NA
"1839",NA,NA,NA,NA,"sird",NA,NA
"1840",NA,NA,NA,NA,"sird",NA,NA
"1841",NA,NA,NA,NA,"sird",NA,NA
"1842",NA,NA,NA,NA,"sird",NA,NA
"1843",NA,NA,NA,NA,"sird",NA,NA
"1844",NA,NA,NA,NA,"sird",NA,NA
"1845",NA,NA,NA,NA,"sird",NA,NA
"1846",NA,NA,NA,NA,"sird",NA,NA
"1847",NA,NA,NA,NA,"sird",NA,NA
"1848",NA,NA,NA,NA,"sird",NA,NA
"1849",NA,NA,NA,NA,"sird",NA,NA
"1850",NA,NA,NA,NA,"sird",NA,NA
"1851",NA,NA,NA,NA,"sird",NA,NA
"1852",NA,NA,NA,NA,"sird",NA,NA
"1853",NA,NA,NA,NA,"sird",NA,NA
"1854",NA,NA,NA,NA,"sird",NA,NA
"1855",NA,NA,NA,NA,"sird",NA,NA
"1856",NA,NA,NA,NA,"sird",NA,NA
"1857",NA,NA,NA,NA,"sird",NA,NA
"1858",NA,NA,NA,NA,"sird",NA,NA
"1859",NA,NA,NA,NA,"sird",NA,NA
"1860",NA,NA,NA,NA,"sird",NA,NA
"1861",NA,NA,NA,NA,"sird",NA,NA
"1862",NA,NA,NA,NA,"sird",NA,NA
"1863",NA,NA,NA,NA,"sird",NA,NA
"1864",NA,NA,NA,NA,"sird",NA,NA
"1865",NA,NA,NA,NA,"sird",NA,NA
"1866",NA,NA,NA,NA,"sird",NA,NA
"1867",NA,NA,NA,NA,"sird",NA,NA
"1868",NA,NA,NA,NA,"sird",NA,NA
"1869",NA,NA,NA,NA,"sird",NA,NA
"1870",NA,NA,NA,NA,"sird",NA,NA
"1871",NA,NA,NA,NA,"sird",NA,NA
"1872",NA,NA,NA,NA,"sird",NA,NA
"1873",NA,NA,NA,NA,"sird",NA,NA
"1874",NA,NA,NA,NA,"sird",NA,NA
"1875",NA,NA,NA,NA,"sird",NA,NA
"1876",NA,NA,NA,NA,"sird",NA,NA
"1877",NA,NA,NA,NA,"sird",NA,NA
"1878",NA,NA,NA,NA,"sird",NA,NA
"1879",NA,NA,NA,NA,"sird",NA,NA
"1880",NA,NA,NA,NA,"sird",NA,NA
"1881",NA,NA,NA,NA,"sird",NA,NA
"1882",NA,NA,NA,NA,"sird",NA,NA
"1883",NA,NA,NA,NA,"sird",NA,NA
"1884",NA,NA,NA,NA,"sird",NA,NA
"1885",NA,NA,NA,NA,"sird",NA,NA
"1886",NA,NA,NA,NA,"sird",NA,NA
"1887",NA,NA,NA,NA,"sird",NA,NA
"1888",NA,NA,NA,NA,"sird",NA,NA
"1889",NA,NA,NA,NA,"sird",NA,NA
"1890",NA,NA,NA,NA,"sird",NA,NA
"1891",NA,NA,NA,NA,"sird",NA,NA
"1892",NA,NA,NA,NA,"sird",NA,NA
"1893",NA,NA,NA,NA,"sird",NA,NA
"1894",NA,NA,NA,NA,"sird",NA,NA
"1895",NA,NA,NA,NA,"sird",NA,NA
"1896",NA,NA,NA,NA,"sird",NA,NA
"1897",NA,NA,NA,NA,"sird",NA,NA
"1898",NA,NA,NA,NA,"sird",NA,NA
"1899",NA,NA,NA,NA,"sird",NA,NA
"1900",NA,NA,NA,NA,"sird",NA,NA
"1901",NA,NA,NA,NA,"sird",NA,NA
"1902",NA,NA,NA,NA,"sird",NA,NA
"1903",NA,NA,NA,NA,"sird",NA,NA
"1904",NA,NA,NA,NA,"sird",NA,NA
"1905",NA,NA,NA,NA,"sird",NA,NA
"1906",NA,NA,NA,NA,"sird",NA,NA
"1907",NA,NA,NA,NA,"sird",NA,NA
"1908",NA,NA,NA,NA,"sird",NA,NA
"1909",NA,NA,NA,NA,"sird",NA,NA
"1910",NA,NA,NA,NA,"sird",NA,NA
"1911",NA,NA,NA,NA,"sird",NA,NA
"1912",NA,NA,NA,NA,"sird",NA,NA
"1913",NA,NA,NA,NA,"sird",NA,NA
"1914",NA,NA,NA,NA,"sird",NA,NA
"1915",NA,NA,NA,NA,"sird",NA,NA
"1916",NA,NA,NA,NA,"sird",NA,NA
"1917",NA,NA,NA,NA,"sird",NA,NA
"1918",NA,NA,NA,NA,"sird",NA,NA
"1919",NA,NA,NA,NA,"sird",NA,NA
"1920",NA,NA,NA,NA,"sird",NA,NA
"1921",NA,NA,NA,NA,"sird",NA,NA
"1922",NA,NA,NA,NA,"sird",NA,NA
"1923",NA,NA,NA,NA,"sird",NA,NA
"1924",NA,NA,NA,NA,"sird",NA,NA
"1925",NA,NA,NA,NA,"sird",NA,NA
"1926",NA,NA,NA,NA,"sird",NA,NA
"1927",NA,NA,NA,NA,"sird",NA,NA
"1928",NA,NA,NA,NA,"sird",NA,NA
"1929",NA,NA,NA,NA,"sird",NA,NA
"1930",NA,NA,NA,NA,"sird",NA,NA
"1931",NA,NA,NA,NA,"sird",NA,NA
"1932",NA,NA,NA,NA,"sird",NA,NA
"1933",NA,NA,NA,NA,"sird",NA,NA
"1934",NA,NA,NA,NA,"sird",NA,NA
"1935",NA,NA,NA,NA,"sird",NA,NA
"1936",NA,NA,NA,NA,"sird",NA,NA
"1937",NA,NA,NA,NA,"sird",NA,NA
"1938",NA,NA,NA,NA,"sird",NA,NA
"1939",NA,NA,NA,NA,"sird",NA,NA
"1940",NA,NA,NA,NA,"sird",NA,NA
"1941",NA,NA,NA,NA,"sird",NA,NA
"1942",NA,NA,NA,NA,"sird",NA,NA
"1943",NA,NA,NA,NA,"sird",NA,NA
"1944",NA,NA,NA,NA,"sird",NA,NA
"1945",NA,NA,NA,NA,"sird",NA,NA
"1946",NA,NA,NA,NA,"sird",NA,NA
"1947",NA,NA,NA,NA,"sird",NA,NA
"1948",NA,NA,NA,NA,"sird",NA,NA
"1949",NA,NA,NA,NA,"sird",NA,NA
"1950",NA,NA,NA,NA,"sird",NA,NA
"1951",NA,NA,NA,NA,"sird",NA,NA
"1952",NA,NA,NA,NA,"sird",NA,NA
"1953",NA,NA,NA,NA,"sird",NA,NA
"1954",NA,NA,NA,NA,"sird",NA,NA
"1955",NA,NA,NA,NA,"sird",NA,NA
"1956",NA,NA,NA,NA,"sird",NA,NA
"1957",NA,NA,NA,NA,"sird",NA,NA
"1958",NA,NA,NA,NA,"sird",NA,NA
"1959",NA,NA,NA,NA,"sird",NA,NA
"1960",NA,NA,NA,NA,"sird",NA,NA
"1961",NA,NA,NA,NA,"sird",NA,NA
"1962",NA,NA,NA,NA,"sird",NA,NA
"1963",NA,NA,NA,NA,"sird",NA,NA
"1964",NA,NA,NA,NA,"sird",NA,NA
"1965",NA,NA,NA,NA,"sird",NA,NA
"1966",NA,NA,NA,NA,"sird",NA,NA
"1967",NA,NA,NA,NA,"sird",NA,NA
"1968",NA,NA,NA,NA,"sird",NA,NA
"1969",NA,NA,NA,NA,"sird",NA,NA
"1970",NA,NA,NA,NA,"sird",NA,NA
"1971",NA,NA,NA,NA,"sird",NA,NA
"1972",NA,NA,NA,NA,"sird",NA,NA
"1973",NA,NA,NA,NA,"sird",NA,NA
"1974",NA,NA,NA,NA,"sird",NA,NA
"1975",NA,NA,NA,NA,"sird",NA,NA
"1976",NA,NA,NA,NA,"sird",NA,NA
"1977",NA,NA,NA,NA,"sird",NA,NA
"1978",NA,NA,NA,NA,"sird",NA,NA
"1979",NA,NA,NA,NA,"sird",NA,NA
"1980",NA,NA,NA,NA,"sird",NA,NA
"1981",NA,NA,NA,NA,"sird",NA,NA
"1982",NA,NA,NA,NA,"sird",NA,NA
"1983",NA,NA,NA,NA,"sird",NA,NA
"1984",NA,NA,NA,NA,"sird",NA,NA
"1985",NA,NA,NA,NA,"sird",NA,NA
"1986",NA,NA,NA,NA,"sird",NA,NA
"1987",NA,NA,NA,NA,"sird",NA,NA
"1988",NA,NA,NA,NA,"sird",NA,NA
"1989",NA,NA,NA,NA,"sird",NA,NA
"1990",NA,NA,NA,NA,"sird",NA,NA
"1991",NA,NA,NA,NA,"sird",NA,NA
"1992",NA,NA,NA,NA,"sird",NA,NA
"1993",NA,NA,NA,NA,"sird",NA,NA
"1994",NA,NA,NA,NA,"sird",NA,NA
"1995",NA,NA,NA,NA,"sird",NA,NA
"1996",NA,NA,NA,NA,"sird",NA,NA
"1997",NA,NA,NA,NA,"sird",NA,NA
"1998",NA,NA,NA,NA,"sird",NA,NA
"1999",NA,NA,NA,NA,"sird",NA,NA
"2000",NA,NA,NA,NA,"sird",NA,NA
"2001",NA,NA,NA,NA,"sird",NA,NA
"2002",NA,NA,NA,NA,"sird",NA,NA
"2003",NA,NA,NA,NA,"sird",NA,NA
"2004",NA,NA,NA,NA,"sird",NA,NA
"2005",NA,NA,NA,NA,"sird",NA,NA
"2006",NA,NA,NA,NA,"sird",NA,NA
"2007",NA,NA,NA,NA,"sird",NA,NA
"2008",NA,NA,NA,NA,"sird",NA,NA
"2009",NA,NA,NA,NA,"sird",NA,NA
"2010",NA,NA,NA,NA,"sird",NA,NA
"2011",NA,NA,NA,NA,"sird",NA,NA
"2012",NA,NA,NA,NA,"sird",NA,NA
"2013",NA,NA,NA,NA,"sird",NA,NA
"2014",NA,NA,NA,NA,"sird",NA,NA
"2015",NA,NA,NA,NA,"sird",NA,NA
"2016",NA,NA,NA,NA,"sird",NA,NA
"2017",NA,NA,NA,NA,"sird",NA,NA
"2018",NA,NA,NA,NA,"sird",NA,NA
"2019",NA,NA,NA,NA,"sird",NA,NA
"2020",NA,NA,NA,NA,"sird",NA,NA
"2021",NA,NA,NA,NA,"sird",NA,NA
"2022",NA,NA,NA,NA,"sird",NA,NA
"2023",NA,NA,NA,NA,"sird",NA,NA
"2024",NA,NA,NA,NA,"sird",NA,NA
"2025",NA,NA,NA,NA,"sird",NA,NA
"2026",NA,NA,NA,NA,"sird",NA,NA
"2027",NA,NA,NA,NA,"sird",NA,NA
"2028",NA,NA,NA,NA,"sird",NA,NA
"2029",NA,NA,NA,NA,"sird",NA,NA
"2030",NA,NA,NA,NA,"sird",NA,NA
"2031",NA,NA,NA,NA,"sird",NA,NA
"2032",NA,NA,NA,NA,"sird",NA,NA
"2033",NA,NA,NA,NA,"sird",NA,NA
"2034",NA,NA,NA,NA,"sird",NA,NA
"2035",NA,NA,NA,NA,"sird",NA,NA
"2036",NA,NA,NA,NA,"sird",NA,NA
"2037",NA,NA,NA,NA,"sird",NA,NA
"2038",NA,NA,NA,NA,"sird",NA,NA
"2039",NA,NA,NA,NA,"sird",NA,NA
"2040",NA,NA,NA,NA,"sird",NA,NA
"2041",NA,NA,NA,NA,"sird",NA,NA
"2042",NA,NA,NA,NA,"sird",NA,NA
"2043",NA,NA,NA,NA,"sird",NA,NA
"2044",NA,NA,NA,NA,"sird",NA,NA
"2045",NA,NA,NA,NA,"sird",NA,NA
"2046",NA,NA,NA,NA,"sird",NA,NA
"2047",NA,NA,NA,NA,"sird",NA,NA
"2048",NA,NA,NA,NA,"sird",NA,NA
"2049",NA,NA,NA,NA,"sird",NA,NA
"2050",NA,NA,NA,NA,"sird",NA,NA
"2051",NA,NA,NA,NA,"sird",NA,NA
"2052",NA,NA,NA,NA,"sird",NA,NA
"2053",NA,NA,NA,NA,"sird",NA,NA
"2054",NA,NA,NA,NA,"sird",NA,NA
"2055",NA,NA,NA,NA,"sird",NA,NA
"2056",NA,NA,NA,NA,"sird",NA,NA
"2057",NA,NA,NA,NA,"sird",NA,NA
"2058",NA,NA,NA,NA,"sird",NA,NA
"2059",NA,NA,NA,NA,"sird",NA,NA
"2060",NA,NA,NA,NA,"sird",NA,NA
"2061",NA,NA,NA,NA,"sird",NA,NA
"2062",NA,NA,NA,NA,"sird",NA,NA
"2063",NA,NA,NA,NA,"sird",NA,NA
"2064",NA,NA,NA,NA,"sird",NA,NA
"2065",NA,NA,NA,NA,"sird",NA,NA
"2066",NA,NA,NA,NA,"sird",NA,NA
"2067",NA,NA,NA,NA,"sird",NA,NA
"2068",NA,NA,NA,NA,"sird",NA,NA
"2069",NA,NA,NA,NA,"sird",NA,NA
"2070",NA,NA,NA,NA,"sird",NA,NA
"2071",NA,NA,NA,NA,"sird",NA,NA
"2072",NA,NA,NA,NA,"sird",NA,NA
"2073",NA,NA,NA,NA,"sird",NA,NA
"2074",NA,NA,NA,NA,"sird",NA,NA
"2075",NA,NA,NA,NA,"sird",NA,NA
"2076",NA,NA,NA,NA,"sird",NA,NA
"2077",NA,NA,NA,NA,"sird",NA,NA
"2078",NA,NA,NA,NA,"sird",NA,NA
"2079",NA,NA,NA,NA,"sird",NA,NA
"2080",NA,NA,NA,NA,"sird",NA,NA
"2081",NA,NA,NA,NA,"sird",NA,NA
"2082",NA,NA,NA,NA,"sird",NA,NA
"2083",NA,NA,NA,NA,"sird",NA,NA
"2084",NA,NA,NA,NA,"sird",NA,NA
"2085",NA,NA,NA,NA,"sird",NA,NA
"2086",NA,NA,NA,NA,"sird",NA,NA
"2087",NA,NA,NA,NA,"sird",NA,NA
"2088",NA,NA,NA,NA,"sird",NA,NA
"2089",NA,NA,NA,NA,"sird",NA,NA
"2090",NA,NA,NA,NA,"sird",NA,NA
"2091",NA,NA,NA,NA,"sird",NA,NA
"2092",NA,NA,NA,NA,"sird",NA,NA
"2093",NA,NA,NA,NA,"sird",NA,NA
"2094",NA,NA,NA,NA,"sird",NA,NA
"2095",NA,NA,NA,NA,"sird",NA,NA
"2096",NA,NA,NA,NA,"sird",NA,NA
"2097",NA,NA,NA,NA,"sird",NA,NA
"2098",NA,NA,NA,NA,"sird",NA,NA
"2099",NA,NA,NA,NA,"sird",NA,NA
"2100",NA,NA,NA,NA,"sird",NA,NA
"2101",NA,NA,NA,NA,"sird",NA,NA
"2102",NA,NA,NA,NA,"sird",NA,NA
"2103",NA,NA,NA,NA,"sird",NA,NA
"2104",NA,NA,NA,NA,"sird",NA,NA
"2105",NA,NA,NA,NA,"sird",NA,NA
"2106",NA,NA,NA,NA,"sird",NA,NA
"2107",NA,NA,NA,NA,"sird",NA,NA
"2108",NA,NA,NA,NA,"sird",NA,NA
"2109",NA,NA,NA,NA,"sird",NA,NA
"2110",NA,NA,NA,NA,"sird",NA,NA
"2111",NA,NA,NA,NA,"sird",NA,NA
"2112",NA,NA,NA,NA,"sird",NA,NA
"2113",NA,NA,NA,NA,"sird",NA,NA
"2114",NA,NA,NA,NA,"sird",NA,NA
"2115",NA,NA,NA,NA,"sird",NA,NA
"2116",NA,NA,NA,NA,"sird",NA,NA
"2117",NA,NA,NA,NA,"sird",NA,NA
"2118",NA,NA,NA,NA,"sird",NA,NA
"2119",NA,NA,NA,NA,"sird",NA,NA
"2120",NA,NA,NA,NA,"sird",NA,NA
"2121",NA,NA,NA,NA,"sird",NA,NA
"2122",NA,NA,NA,NA,"sird",NA,NA
"2123",NA,NA,NA,NA,"sird",NA,NA
"2124",NA,NA,NA,NA,"sird",NA,NA
"2125",NA,NA,NA,NA,"sird",NA,NA
"2126",NA,NA,NA,NA,"sird",NA,NA
"2127",NA,NA,NA,NA,"sird",NA,NA
"2128",NA,NA,NA,NA,"sird",NA,NA
"2129",NA,NA,NA,NA,"sird",NA,NA
"2130",NA,NA,NA,NA,"sird",NA,NA
"2131",NA,NA,NA,NA,"sird",NA,NA
"2132",NA,NA,NA,NA,"sird",NA,NA
"2133",NA,NA,NA,NA,"sird",NA,NA
"2134",NA,NA,NA,NA,"sird",NA,NA
"2135",NA,NA,NA,NA,"sird",NA,NA
"2136",NA,NA,NA,NA,"sird",NA,NA
"2137",NA,NA,NA,NA,"sird",NA,NA
"2138",NA,NA,NA,NA,"sird",NA,NA
"2139",NA,NA,NA,NA,"sird",NA,NA
"2140",NA,NA,NA,NA,"sird",NA,NA
"2141",NA,NA,NA,NA,"sird",NA,NA
"2142",NA,NA,NA,NA,"sird",NA,NA
"2143",NA,NA,NA,NA,"sird",NA,NA
"2144",NA,NA,NA,NA,"sird",NA,NA
"2145",NA,NA,NA,NA,"sird",NA,NA
"2146",NA,NA,NA,NA,"sird",NA,NA
"2147",NA,NA,NA,NA,"sird",NA,NA
"2148",NA,NA,NA,NA,"sird",NA,NA
"2149",NA,NA,NA,NA,"sird",NA,NA
"2150",NA,NA,NA,NA,"sird",NA,NA
"2151",NA,NA,NA,NA,"sird",NA,NA
"2152",NA,NA,NA,NA,"sird",NA,NA
"2153",NA,NA,NA,NA,"sird",NA,NA
"2154",NA,NA,NA,NA,"sird",NA,NA
"2155",NA,NA,NA,NA,"sird",NA,NA
"2156",NA,NA,NA,NA,"sird",NA,NA
"2157",NA,NA,NA,NA,"sird",NA,NA
"2158",NA,NA,NA,NA,"sird",NA,NA
"2159",NA,NA,NA,NA,"sird",NA,NA
"2160",NA,NA,NA,NA,"sird",NA,NA
"2161",NA,NA,NA,NA,"sird",NA,NA
"2162",NA,NA,NA,NA,"sird",NA,NA
"2163",NA,NA,NA,NA,"sird",NA,NA
"2164",NA,NA,NA,NA,"sird",NA,NA
"2165",NA,NA,NA,NA,"sird",NA,NA
"2166",NA,NA,NA,NA,"sird",NA,NA
"2167",NA,NA,NA,NA,"sird",NA,NA
"2168",NA,NA,NA,NA,"sird",NA,NA
"2169",NA,NA,NA,NA,"sird",NA,NA
"2170",NA,NA,NA,NA,"sird",NA,NA
"2171",NA,NA,NA,NA,"sird",NA,NA
"2172",NA,NA,NA,NA,"sird",NA,NA
"2173",NA,NA,NA,NA,"sird",NA,NA
"2174",NA,NA,NA,NA,"sird",NA,NA
"2175",NA,NA,NA,NA,"sird",NA,NA
"2176",NA,NA,NA,NA,"sird",NA,NA
"2177",NA,NA,NA,NA,"sird",NA,NA
"2178",NA,NA,NA,NA,"sird",NA,NA
"2179",NA,NA,NA,NA,"sird",NA,NA
"2180",NA,NA,NA,NA,"sird",NA,NA
"2181",NA,NA,NA,NA,"sird",NA,NA
"2182",NA,NA,NA,NA,"sird",NA,NA
"2183",NA,NA,NA,NA,"sird",NA,NA
"2184",NA,NA,NA,NA,"sird",NA,NA
"2185",NA,NA,NA,NA,"sird",NA,NA
"2186",NA,NA,NA,NA,"sird",NA,NA
"2187",NA,NA,NA,NA,"sird",NA,NA
"2188",NA,NA,NA,NA,"sird",NA,NA
"2189",NA,NA,NA,NA,"sird",NA,NA
"2190",NA,NA,NA,NA,"sird",NA,NA
"2191",NA,NA,NA,NA,"sird",NA,NA
"2192",NA,NA,NA,NA,"sird",NA,NA
"2193",NA,NA,NA,NA,"sird",NA,NA
"2194",NA,NA,NA,NA,"sird",NA,NA
"2195",NA,NA,NA,NA,"sird",NA,NA
"2196",NA,NA,NA,NA,"sird",NA,NA
"2197",NA,NA,NA,NA,"sird",NA,NA
"2198",NA,NA,NA,NA,"sird",NA,NA
"2199",NA,NA,NA,NA,"sird",NA,NA
"2200",NA,NA,NA,NA,"sird",NA,NA
"2201",NA,NA,NA,NA,"sird",NA,NA
"2202",NA,NA,NA,NA,"sird",NA,NA
"2203",NA,NA,NA,NA,"sird",NA,NA
"2204",NA,NA,NA,NA,"sird",NA,NA
"2205",NA,NA,NA,NA,"sird",NA,NA
"2206",NA,NA,NA,NA,"sird",NA,NA
"2207",NA,NA,NA,NA,"sird",NA,NA
"2208",NA,NA,NA,NA,"sird",NA,NA
"2209",NA,NA,NA,NA,"sird",NA,NA
"2210",NA,NA,NA,NA,"sird",NA,NA
"2211",NA,NA,NA,NA,"sird",NA,NA
"2212",NA,NA,NA,NA,"sird",NA,NA
"2213",NA,NA,NA,NA,"sird",NA,NA
"2214",NA,NA,NA,NA,"sird",NA,NA
"2215",NA,NA,NA,NA,"sird",NA,NA
"2216",NA,NA,NA,NA,"sird",NA,NA
"2217",NA,NA,NA,NA,"sird",NA,NA
"2218",NA,NA,NA,NA,"sird",NA,NA
"2219",NA,NA,NA,NA,"sird",NA,NA
"2220",NA,NA,NA,NA,"sird",NA,NA
"2221",NA,NA,NA,NA,"sird",NA,NA
"2222",NA,NA,NA,NA,"sird",NA,NA
"2223",NA,NA,NA,NA,"sird",NA,NA
"2224",NA,NA,NA,NA,"sird",NA,NA
"2225",NA,NA,NA,NA,"sird",NA,NA
"2226",NA,NA,NA,NA,"sird",NA,NA
"2227",NA,NA,NA,NA,"sird",NA,NA
"2228",NA,NA,NA,NA,"sird",NA,NA
"2229",NA,NA,NA,NA,"sird",NA,NA
"2230",NA,NA,NA,NA,"sird",NA,NA
"2231",NA,NA,NA,NA,"sird",NA,NA
"2232",NA,NA,NA,NA,"sird",NA,NA
"2233",NA,NA,NA,NA,"sird",NA,NA
"2234",NA,NA,NA,NA,"sird",NA,NA
"2235",NA,NA,NA,NA,"sird",NA,NA
"2236",NA,NA,NA,NA,"sird",NA,NA
"2237",NA,NA,NA,NA,"sird",NA,NA
"2238",NA,NA,NA,NA,"sird",NA,NA
"2239",NA,NA,NA,NA,"sird",NA,NA
"2240",NA,NA,NA,NA,"sird",NA,NA
"2241",NA,NA,NA,NA,"sird",NA,NA
"2242",NA,NA,NA,NA,"sird",NA,NA
"2243",NA,NA,NA,NA,"sird",NA,NA
"2244",NA,NA,NA,NA,"sird",NA,NA
"2245",NA,NA,NA,NA,"sird",NA,NA
"2246",NA,NA,NA,NA,"sird",NA,NA
"2247",NA,NA,NA,NA,"sird",NA,NA
"2248",NA,NA,NA,NA,"sird",NA,NA
"2249",NA,NA,NA,NA,"sird",NA,NA
"2250",NA,NA,NA,NA,"sird",NA,NA
"2251",NA,NA,NA,NA,"sird",NA,NA
"2252",NA,NA,NA,NA,"sird",NA,NA
"2253",0.005,0,0.995,0,"mard",33.748,6.747
"2254",NA,NA,NA,NA,"sird",NA,NA
"2255",NA,NA,NA,NA,"sird",NA,NA
"2256",NA,NA,NA,NA,"sird",NA,NA
"2257",NA,NA,NA,NA,"sird",NA,NA
"2258",NA,NA,NA,NA,"sird",NA,NA
"2259",NA,NA,NA,NA,"sird",NA,NA
"2260",NA,NA,NA,NA,"sird",NA,NA
"2261",NA,NA,NA,NA,"sird",NA,NA
"2262",NA,NA,NA,NA,"sird",NA,NA
"2263",NA,NA,NA,NA,"sird",NA,NA
"2264",NA,NA,NA,NA,"sird",NA,NA
"2265",NA,NA,NA,NA,"sird",NA,NA
"2266",NA,NA,NA,NA,"sird",NA,NA
"2267",NA,NA,NA,NA,"sird",NA,NA
"2268",NA,NA,NA,NA,"sird",NA,NA
"2269",NA,NA,NA,NA,"sird",NA,NA
"2270",NA,NA,NA,NA,"sird",NA,NA
"2271",NA,NA,NA,NA,"sird",NA,NA
"2272",NA,NA,NA,NA,"sird",NA,NA
"2273",NA,NA,NA,NA,"sird",NA,NA
"2274",NA,NA,NA,NA,"sird",NA,NA
"2275",NA,NA,NA,NA,"sird",NA,NA
"2276",NA,NA,NA,NA,"sird",NA,NA
"2277",NA,NA,NA,NA,"sird",NA,NA
"2278",NA,NA,NA,NA,"sird",NA,NA
"2279",NA,NA,NA,NA,"sird",NA,NA
"2280",NA,NA,NA,NA,"sird",NA,NA
"2281",NA,NA,NA,NA,"sird",NA,NA
"2282",NA,NA,NA,NA,"sird",NA,NA
"2283",NA,NA,NA,NA,"sird",NA,NA
"2284",NA,NA,NA,NA,"sird",NA,NA
"2285",NA,NA,NA,NA,"sird",NA,NA
"2286",NA,NA,NA,NA,"sird",NA,NA
"2287",NA,NA,NA,NA,"sird",NA,NA
"2288",NA,NA,NA,NA,"sird",NA,NA
"2289",NA,NA,NA,NA,"sird",NA,NA
"2290",NA,NA,NA,NA,"sird",NA,NA
"2291",NA,NA,NA,NA,"sird",NA,NA
"2292",NA,NA,NA,NA,"sird",NA,NA
"2293",NA,NA,NA,NA,"sird",NA,NA
"2294",NA,NA,NA,NA,"sird",NA,NA
"2295",NA,NA,NA,NA,"sird",NA,NA
"2296",NA,NA,NA,NA,"sird",NA,NA
"2297",NA,NA,NA,NA,"sird",NA,NA
"2298",NA,NA,NA,NA,"sird",NA,NA
"2299",NA,NA,NA,NA,"sird",NA,NA
"2300",NA,NA,NA,NA,"sird",NA,NA
"2301",NA,NA,NA,NA,"sird",NA,NA
"2302",NA,NA,NA,NA,"sird",NA,NA
"2303",NA,NA,NA,NA,"sird",NA,NA
"2304",NA,NA,NA,NA,"sird",NA,NA
"2305",NA,NA,NA,NA,"sird",NA,NA
"2306",NA,NA,NA,NA,"sird",NA,NA
"2307",NA,NA,NA,NA,"sird",NA,NA
"2308",NA,NA,NA,NA,"sird",NA,NA
"2309",0.004,0,0.995,0,"mard",39.66,6.619
